ISO-10303-21;
HEADER;
FILE_DESCRIPTION(('ViewDefinition [CoordinationView]'),'2;1');
FILE_NAME('','2026-08-28T08:33:53',(''),(''),'IfcOpenShell 0.8.5-1c5b825','IfcOpenShell 0.8.5-1c5b825','');
FILE_SCHEMA(('IFC4X3_ADD2'));
ENDSEC;
DATA;
#1=IFCPROJECT('0DTLr_xHr7AAjagJulJ6Tf',$,'Synthetic Office Building',$,$,$,$,(#10),#5);
#2=IFCSIUNIT(*,.LENGTHUNIT.,$,.METRE.);
#3=IFCSIUNIT(*,.AREAUNIT.,$,.SQUARE_METRE.);
#4=IFCSIUNIT(*,.VOLUMEUNIT.,$,.CUBIC_METRE.);
#5=IFCUNITASSIGNMENT((#3,#4,#2));
#6=IFCCARTESIANPOINT((0.,0.,0.));
#7=IFCDIRECTION((0.,0.,1.));
#8=IFCDIRECTION((1.,0.,0.));
#9=IFCAXIS2PLACEMENT3D(#6,#7,#8);
#10=IFCGEOMETRICREPRESENTATIONCONTEXT($,'Model',3,1.0000000000000001E-05,#9,$);
#11=IFCGEOMETRICREPRESENTATIONSUBCONTEXT('Body','Model',*,*,*,*,#10,$,.MODEL_VIEW.,$);
#12=IFCSITE('2HOZ6GN1z3hOB_RNfTDl7g',$,'Site',$,$,$,$,$,$,$,$,$,$,$);
#13=IFCBUILDING('1ktWni57z6Tf3QGl_2hbGN',$,'Synthetic Office Building',$,$,$,$,$,$,$,$,$);
#14=IFCBUILDINGSTOREY('26sVx$IAzEqOa3WUkYTHAx',$,'Ground Floor',$,$,$,$,$,$,0.);
#15=IFCRELAGGREGATES('1cYrpU7RTCkPtxGZGf4gHE',$,$,$,#1,(#12));
#16=IFCRELAGGREGATES('2fhj8IsU1F2vLp$08nSJH9',$,$,$,#12,(#13));
#17=IFCRELAGGREGATES('0UZ$fhIQ90tuYctNh69Ads',$,$,$,#13,(#14));
#18=IFCSPACE('1Sayxc5tn34x36JslKuurr',$,'Corridor',$,'Circulation',#42,#36,'Main Corridor',$,.INTERNAL.,$);
#22=IFCCARTESIANPOINT((0.,5.));
#23=IFCCARTESIANPOINT((21.,5.));
#24=IFCCARTESIANPOINT((21.,7.5));
#25=IFCCARTESIANPOINT((0.,7.5));
#26=IFCCARTESIANPOINT((0.,5.));
#27=IFCPOLYLINE((#22,#23,#24,#25,#26));
#28=IFCARBITRARYCLOSEDPROFILEDEF(.AREA.,$,#27);
#29=IFCCARTESIANPOINT((0.,0.,0.));
#30=IFCDIRECTION((0.,0.,1.));
#31=IFCDIRECTION((1.,0.,0.));
#32=IFCAXIS2PLACEMENT3D(#29,#30,#31);
#33=IFCDIRECTION((0.,0.,1.));
#34=IFCEXTRUDEDAREASOLID(#28,#32,#33,3.);
#35=IFCSHAPEREPRESENTATION(#11,'Body','SweptSolid',(#34));
#36=IFCPRODUCTDEFINITIONSHAPE($,$,(#35));
#37=IFCRELAGGREGATES('2zzZ4yI1n8FAg_42Qzq4vg',$,$,$,#14,(#251,#18,#222,#106,#164,#48,#135,#193,#77));
#38=IFCCARTESIANPOINT((0.,0.,0.));
#39=IFCDIRECTION((0.,0.,1.));
#40=IFCDIRECTION((1.,0.,0.));
#41=IFCAXIS2PLACEMENT3D(#38,#39,#40);
#42=IFCLOCALPLACEMENT($,#41);
#43=IFCQUANTITYAREA('NetFloorArea',$,$,52.5,$);
#44=IFCQUANTITYAREA('GrossFloorArea',$,$,52.5,$);
#45=IFCQUANTITYVOLUME('NetVolume',$,$,157.5,$);
#46=IFCELEMENTQUANTITY('35V77zWYf9pwuAlUDZBeG2',$,'Qto_SpaceBaseQuantities',$,$,(#43,#44,#45));
#47=IFCRELDEFINESBYPROPERTIES('3iEOc9QlvEbAjOA9gU1XvU',$,$,$,(#18),#46);
#48=IFCSPACE('0ozkLMvKb7NPUOs2lFkYkL',$,'Office1',$,'Office',#71,#66,'Office 1 - Shared Open Office',$,.INTERNAL.,$);
#52=IFCCARTESIANPOINT((0.,7.5));
#53=IFCCARTESIANPOINT((5.,7.5));
#54=IFCCARTESIANPOINT((5.,12.5));
#55=IFCCARTESIANPOINT((0.,12.5));
#56=IFCCARTESIANPOINT((0.,7.5));
#57=IFCPOLYLINE((#52,#53,#54,#55,#56));
#58=IFCARBITRARYCLOSEDPROFILEDEF(.AREA.,$,#57);
#59=IFCCARTESIANPOINT((0.,0.,0.));
#60=IFCDIRECTION((0.,0.,1.));
#61=IFCDIRECTION((1.,0.,0.));
#62=IFCAXIS2PLACEMENT3D(#59,#60,#61);
#63=IFCDIRECTION((0.,0.,1.));
#64=IFCEXTRUDEDAREASOLID(#58,#62,#63,3.);
#65=IFCSHAPEREPRESENTATION(#11,'Body','SweptSolid',(#64));
#66=IFCPRODUCTDEFINITIONSHAPE($,$,(#65));
#67=IFCCARTESIANPOINT((0.,0.,0.));
#68=IFCDIRECTION((0.,0.,1.));
#69=IFCDIRECTION((1.,0.,0.));
#70=IFCAXIS2PLACEMENT3D(#67,#68,#69);
#71=IFCLOCALPLACEMENT($,#70);
#72=IFCQUANTITYAREA('NetFloorArea',$,$,25.,$);
#73=IFCQUANTITYAREA('GrossFloorArea',$,$,25.,$);
#74=IFCQUANTITYVOLUME('NetVolume',$,$,75.,$);
#75=IFCELEMENTQUANTITY('2_mgKckln8q8tsqrmX09If',$,'Qto_SpaceBaseQuantities',$,$,(#72,#73,#74));
#76=IFCRELDEFINESBYPROPERTIES('3srmbt3_v959jKpoDulirP',$,$,$,(#48),#75);
#77=IFCSPACE('1iTKaIvDX138YJRfrhePfu',$,'Office2',$,'Office',#100,#95,'Office 2 - Shared Open Office',$,.INTERNAL.,$);
#81=IFCCARTESIANPOINT((5.,7.5));
#82=IFCCARTESIANPOINT((10.,7.5));
#83=IFCCARTESIANPOINT((10.,12.5));
#84=IFCCARTESIANPOINT((5.,12.5));
#85=IFCCARTESIANPOINT((5.,7.5));
#86=IFCPOLYLINE((#81,#82,#83,#84,#85));
#87=IFCARBITRARYCLOSEDPROFILEDEF(.AREA.,$,#86);
#88=IFCCARTESIANPOINT((0.,0.,0.));
#89=IFCDIRECTION((0.,0.,1.));
#90=IFCDIRECTION((1.,0.,0.));
#91=IFCAXIS2PLACEMENT3D(#88,#89,#90);
#92=IFCDIRECTION((0.,0.,1.));
#93=IFCEXTRUDEDAREASOLID(#87,#91,#92,3.);
#94=IFCSHAPEREPRESENTATION(#11,'Body','SweptSolid',(#93));
#95=IFCPRODUCTDEFINITIONSHAPE($,$,(#94));
#96=IFCCARTESIANPOINT((0.,0.,0.));
#97=IFCDIRECTION((0.,0.,1.));
#98=IFCDIRECTION((1.,0.,0.));
#99=IFCAXIS2PLACEMENT3D(#96,#97,#98);
#100=IFCLOCALPLACEMENT($,#99);
#101=IFCQUANTITYAREA('NetFloorArea',$,$,25.,$);
#102=IFCQUANTITYAREA('GrossFloorArea',$,$,25.,$);
#103=IFCQUANTITYVOLUME('NetVolume',$,$,75.,$);
#104=IFCELEMENTQUANTITY('0X3az8$ED1kAxNe3fZHkxu',$,'Qto_SpaceBaseQuantities',$,$,(#101,#102,#103));
#105=IFCRELDEFINESBYPROPERTIES('2lnqM7M_r9$BXF3uTy$zmF',$,$,$,(#77),#104);
#106=IFCSPACE('2OrJoaru56u9J_MJ4UkJZv',$,'Office3',$,'Office',#129,#124,'Office 3 - Manager Office',$,.INTERNAL.,$);
#110=IFCCARTESIANPOINT((10.,7.5));
#111=IFCCARTESIANPOINT((14.,7.5));
#112=IFCCARTESIANPOINT((14.,11.5));
#113=IFCCARTESIANPOINT((10.,11.5));
#114=IFCCARTESIANPOINT((10.,7.5));
#115=IFCPOLYLINE((#110,#111,#112,#113,#114));
#116=IFCARBITRARYCLOSEDPROFILEDEF(.AREA.,$,#115);
#117=IFCCARTESIANPOINT((0.,0.,0.));
#118=IFCDIRECTION((0.,0.,1.));
#119=IFCDIRECTION((1.,0.,0.));
#120=IFCAXIS2PLACEMENT3D(#117,#118,#119);
#121=IFCDIRECTION((0.,0.,1.));
#122=IFCEXTRUDEDAREASOLID(#116,#120,#121,3.);
#123=IFCSHAPEREPRESENTATION(#11,'Body','SweptSolid',(#122));
#124=IFCPRODUCTDEFINITIONSHAPE($,$,(#123));
#125=IFCCARTESIANPOINT((0.,0.,0.));
#126=IFCDIRECTION((0.,0.,1.));
#127=IFCDIRECTION((1.,0.,0.));
#128=IFCAXIS2PLACEMENT3D(#125,#126,#127);
#129=IFCLOCALPLACEMENT($,#128);
#130=IFCQUANTITYAREA('NetFloorArea',$,$,16.,$);
#131=IFCQUANTITYAREA('GrossFloorArea',$,$,16.,$);
#132=IFCQUANTITYVOLUME('NetVolume',$,$,48.,$);
#133=IFCELEMENTQUANTITY('1dVyhDvr9CJgYQOZm0h5Tm',$,'Qto_SpaceBaseQuantities',$,$,(#130,#131,#132));
#134=IFCRELDEFINESBYPROPERTIES('3DcyWPf7XDOgKgJPWRJ7N9',$,$,$,(#106),#133);
#135=IFCSPACE('0ew1XPxBXEp9KDYiempUCs',$,'Seminar',$,'Meeting',#158,#153,'Seminar / Meeting Room',$,.INTERNAL.,$);
#139=IFCCARTESIANPOINT((14.,7.5));
#140=IFCCARTESIANPOINT((21.,7.5));
#141=IFCCARTESIANPOINT((21.,13.5));
#142=IFCCARTESIANPOINT((14.,13.5));
#143=IFCCARTESIANPOINT((14.,7.5));
#144=IFCPOLYLINE((#139,#140,#141,#142,#143));
#145=IFCARBITRARYCLOSEDPROFILEDEF(.AREA.,$,#144);
#146=IFCCARTESIANPOINT((0.,0.,0.));
#147=IFCDIRECTION((0.,0.,1.));
#148=IFCDIRECTION((1.,0.,0.));
#149=IFCAXIS2PLACEMENT3D(#146,#147,#148);
#150=IFCDIRECTION((0.,0.,1.));
#151=IFCEXTRUDEDAREASOLID(#145,#149,#150,3.);
#152=IFCSHAPEREPRESENTATION(#11,'Body','SweptSolid',(#151));
#153=IFCPRODUCTDEFINITIONSHAPE($,$,(#152));
#154=IFCCARTESIANPOINT((0.,0.,0.));
#155=IFCDIRECTION((0.,0.,1.));
#156=IFCDIRECTION((1.,0.,0.));
#157=IFCAXIS2PLACEMENT3D(#154,#155,#156);
#158=IFCLOCALPLACEMENT($,#157);
#159=IFCQUANTITYAREA('NetFloorArea',$,$,42.,$);
#160=IFCQUANTITYAREA('GrossFloorArea',$,$,42.,$);
#161=IFCQUANTITYVOLUME('NetVolume',$,$,126.,$);
#162=IFCELEMENTQUANTITY('28I37H3zX8fuoHEtIkc4LH',$,'Qto_SpaceBaseQuantities',$,$,(#159,#160,#161));
#163=IFCRELDEFINESBYPROPERTIES('0B4be$Ca555ODDyEUucWnZ',$,$,$,(#135),#162);
#164=IFCSPACE('2EkXErEd9EBPmlQXcO0DJD',$,'Reception',$,'Reception',#187,#182,'Reception / Entrance Lobby',$,.INTERNAL.,$);
#168=IFCCARTESIANPOINT((0.,0.));
#169=IFCCARTESIANPOINT((6.,0.));
#170=IFCCARTESIANPOINT((6.,5.));
#171=IFCCARTESIANPOINT((0.,5.));
#172=IFCCARTESIANPOINT((0.,0.));
#173=IFCPOLYLINE((#168,#169,#170,#171,#172));
#174=IFCARBITRARYCLOSEDPROFILEDEF(.AREA.,$,#173);
#175=IFCCARTESIANPOINT((0.,0.,0.));
#176=IFCDIRECTION((0.,0.,1.));
#177=IFCDIRECTION((1.,0.,0.));
#178=IFCAXIS2PLACEMENT3D(#175,#176,#177);
#179=IFCDIRECTION((0.,0.,1.));
#180=IFCEXTRUDEDAREASOLID(#174,#178,#179,3.);
#181=IFCSHAPEREPRESENTATION(#11,'Body','SweptSolid',(#180));
#182=IFCPRODUCTDEFINITIONSHAPE($,$,(#181));
#183=IFCCARTESIANPOINT((0.,0.,0.));
#184=IFCDIRECTION((0.,0.,1.));
#185=IFCDIRECTION((1.,0.,0.));
#186=IFCAXIS2PLACEMENT3D(#183,#184,#185);
#187=IFCLOCALPLACEMENT($,#186);
#188=IFCQUANTITYAREA('NetFloorArea',$,$,30.,$);
#189=IFCQUANTITYAREA('GrossFloorArea',$,$,30.,$);
#190=IFCQUANTITYVOLUME('NetVolume',$,$,90.,$);
#191=IFCELEMENTQUANTITY('0aasG5kw5CqO3OCPc$sGWJ',$,'Qto_SpaceBaseQuantities',$,$,(#188,#189,#190));
#192=IFCRELDEFINESBYPROPERTIES('29HleRhhPC0O3AhaxBR1HX',$,$,$,(#164),#191);
#193=IFCSPACE('02NCXtVc52fhji$KN$Y6jC',$,'Kitchen',$,'Kitchen',#216,#211,'Kitchen / Break Room',$,.INTERNAL.,$);
#197=IFCCARTESIANPOINT((6.,0.));
#198=IFCCARTESIANPOINT((11.,0.));
#199=IFCCARTESIANPOINT((11.,5.));
#200=IFCCARTESIANPOINT((6.,5.));
#201=IFCCARTESIANPOINT((6.,0.));
#202=IFCPOLYLINE((#197,#198,#199,#200,#201));
#203=IFCARBITRARYCLOSEDPROFILEDEF(.AREA.,$,#202);
#204=IFCCARTESIANPOINT((0.,0.,0.));
#205=IFCDIRECTION((0.,0.,1.));
#206=IFCDIRECTION((1.,0.,0.));
#207=IFCAXIS2PLACEMENT3D(#204,#205,#206);
#208=IFCDIRECTION((0.,0.,1.));
#209=IFCEXTRUDEDAREASOLID(#203,#207,#208,3.);
#210=IFCSHAPEREPRESENTATION(#11,'Body','SweptSolid',(#209));
#211=IFCPRODUCTDEFINITIONSHAPE($,$,(#210));
#212=IFCCARTESIANPOINT((0.,0.,0.));
#213=IFCDIRECTION((0.,0.,1.));
#214=IFCDIRECTION((1.,0.,0.));
#215=IFCAXIS2PLACEMENT3D(#212,#213,#214);
#216=IFCLOCALPLACEMENT($,#215);
#217=IFCQUANTITYAREA('NetFloorArea',$,$,25.,$);
#218=IFCQUANTITYAREA('GrossFloorArea',$,$,25.,$);
#219=IFCQUANTITYVOLUME('NetVolume',$,$,75.,$);
#220=IFCELEMENTQUANTITY('0megCvYof72Or$YA2PehxO',$,'Qto_SpaceBaseQuantities',$,$,(#217,#218,#219));
#221=IFCRELDEFINESBYPROPERTIES('2cNEjRjAr4Wu5x78pPyf5K',$,$,$,(#193),#220);
#222=IFCSPACE('3zNZmmxz10Efg3NkqN1HAn',$,'Restroom',$,'Restroom',#245,#240,'Restroom (Combined)',$,.INTERNAL.,$);
#226=IFCCARTESIANPOINT((11.,0.));
#227=IFCCARTESIANPOINT((14.,0.));
#228=IFCCARTESIANPOINT((14.,4.));
#229=IFCCARTESIANPOINT((11.,4.));
#230=IFCCARTESIANPOINT((11.,0.));
#231=IFCPOLYLINE((#226,#227,#228,#229,#230));
#232=IFCARBITRARYCLOSEDPROFILEDEF(.AREA.,$,#231);
#233=IFCCARTESIANPOINT((0.,0.,0.));
#234=IFCDIRECTION((0.,0.,1.));
#235=IFCDIRECTION((1.,0.,0.));
#236=IFCAXIS2PLACEMENT3D(#233,#234,#235);
#237=IFCDIRECTION((0.,0.,1.));
#238=IFCEXTRUDEDAREASOLID(#232,#236,#237,3.);
#239=IFCSHAPEREPRESENTATION(#11,'Body','SweptSolid',(#238));
#240=IFCPRODUCTDEFINITIONSHAPE($,$,(#239));
#241=IFCCARTESIANPOINT((0.,0.,0.));
#242=IFCDIRECTION((0.,0.,1.));
#243=IFCDIRECTION((1.,0.,0.));
#244=IFCAXIS2PLACEMENT3D(#241,#242,#243);
#245=IFCLOCALPLACEMENT($,#244);
#246=IFCQUANTITYAREA('NetFloorArea',$,$,12.,$);
#247=IFCQUANTITYAREA('GrossFloorArea',$,$,12.,$);
#248=IFCQUANTITYVOLUME('NetVolume',$,$,36.,$);
#249=IFCELEMENTQUANTITY('3I49S0j8P4jAkv7MPUiDZB',$,'Qto_SpaceBaseQuantities',$,$,(#246,#247,#248));
#250=IFCRELDEFINESBYPROPERTIES('2kETf1MZ57pv5UfuLr5fzt',$,$,$,(#222),#249);
#251=IFCSPACE('0XPsAIyxvAexSuwCxmRDjv',$,'Storage',$,'Technical',#274,#269,'Storage / Server Room',$,.INTERNAL.,$);
#255=IFCCARTESIANPOINT((14.,0.));
#256=IFCCARTESIANPOINT((18.,0.));
#257=IFCCARTESIANPOINT((18.,4.));
#258=IFCCARTESIANPOINT((14.,4.));
#259=IFCCARTESIANPOINT((14.,0.));
#260=IFCPOLYLINE((#255,#256,#257,#258,#259));
#261=IFCARBITRARYCLOSEDPROFILEDEF(.AREA.,$,#260);
#262=IFCCARTESIANPOINT((0.,0.,0.));
#263=IFCDIRECTION((0.,0.,1.));
#264=IFCDIRECTION((1.,0.,0.));
#265=IFCAXIS2PLACEMENT3D(#262,#263,#264);
#266=IFCDIRECTION((0.,0.,1.));
#267=IFCEXTRUDEDAREASOLID(#261,#265,#266,3.);
#268=IFCSHAPEREPRESENTATION(#11,'Body','SweptSolid',(#267));
#269=IFCPRODUCTDEFINITIONSHAPE($,$,(#268));
#270=IFCCARTESIANPOINT((0.,0.,0.));
#271=IFCDIRECTION((0.,0.,1.));
#272=IFCDIRECTION((1.,0.,0.));
#273=IFCAXIS2PLACEMENT3D(#270,#271,#272);
#274=IFCLOCALPLACEMENT($,#273);
#275=IFCQUANTITYAREA('NetFloorArea',$,$,16.,$);
#276=IFCQUANTITYAREA('GrossFloorArea',$,$,16.,$);
#277=IFCQUANTITYVOLUME('NetVolume',$,$,48.,$);
#278=IFCELEMENTQUANTITY('0Hpm$n7Kj1JurUMQSZHCJH',$,'Qto_SpaceBaseQuantities',$,$,(#275,#276,#277));
#279=IFCRELDEFINESBYPROPERTIES('3yT5LS6YL8Pxr7g329t6q9',$,$,$,(#251),#278);
#280=IFCWALL('1iKMpRg0r7PRKc8x0BfBHS',$,'Corridor Wall S',$,$,#304,#298,$,$);
#284=IFCCARTESIANPOINT((-0.074999999999999997,4.9249999999999998));
#285=IFCCARTESIANPOINT((21.074999999999999,4.9249999999999998));
#286=IFCCARTESIANPOINT((21.074999999999999,5.0750000000000002));
#287=IFCCARTESIANPOINT((-0.074999999999999997,5.0750000000000002));
#288=IFCCARTESIANPOINT((-0.074999999999999997,4.9249999999999998));
#289=IFCPOLYLINE((#284,#285,#286,#287,#288));
#290=IFCARBITRARYCLOSEDPROFILEDEF(.AREA.,$,#289);
#291=IFCCARTESIANPOINT((0.,0.,0.));
#292=IFCDIRECTION((0.,0.,1.));
#293=IFCDIRECTION((1.,0.,0.));
#294=IFCAXIS2PLACEMENT3D(#291,#292,#293);
#295=IFCDIRECTION((0.,0.,1.));
#296=IFCEXTRUDEDAREASOLID(#290,#294,#295,3.);
#297=IFCSHAPEREPRESENTATION(#11,'Body','SweptSolid',(#296));
#298=IFCPRODUCTDEFINITIONSHAPE($,$,(#297));
#299=IFCRELCONTAINEDINSPATIALSTRUCTURE('17ygm_2jrDGO7s3XGRBH7r',$,$,$,(#956,#606,#881,#531,#1156,#806,#1233,#280,#1081,#1389,#381,#306,#731,#1006,#656,#1259,#931,#581,#506,#856,#1131,#1285,#431,#356,#781,#1056,#706,#1311,#981,#631,#906,#481,#1337,#406,#556,#1181,#831,#1106,#756,#1031,#331,#681,#1363,#456,#1207),#14);
#300=IFCCARTESIANPOINT((0.,0.,0.));
#301=IFCDIRECTION((0.,0.,1.));
#302=IFCDIRECTION((1.,0.,0.));
#303=IFCAXIS2PLACEMENT3D(#300,#301,#302);
#304=IFCLOCALPLACEMENT($,#303);
#305=IFCRELSPACEBOUNDARY('2A7eRH6RTChgecYRthw_il',$,$,$,#18,#280,$,.PHYSICAL.,.INTERNAL.);
#306=IFCWALL('1E9A1Iqz92dxNQrtKe$ghK',$,'Corridor Wall N',$,$,#329,#324,$,$);
#310=IFCCARTESIANPOINT((-0.074999999999999997,7.4249999999999998));
#311=IFCCARTESIANPOINT((21.074999999999999,7.4249999999999998));
#312=IFCCARTESIANPOINT((21.074999999999999,7.5750000000000002));
#313=IFCCARTESIANPOINT((-0.074999999999999997,7.5750000000000002));
#314=IFCCARTESIANPOINT((-0.074999999999999997,7.4249999999999998));
#315=IFCPOLYLINE((#310,#311,#312,#313,#314));
#316=IFCARBITRARYCLOSEDPROFILEDEF(.AREA.,$,#315);
#317=IFCCARTESIANPOINT((0.,0.,0.));
#318=IFCDIRECTION((0.,0.,1.));
#319=IFCDIRECTION((1.,0.,0.));
#320=IFCAXIS2PLACEMENT3D(#317,#318,#319);
#321=IFCDIRECTION((0.,0.,1.));
#322=IFCEXTRUDEDAREASOLID(#316,#320,#321,3.);
#323=IFCSHAPEREPRESENTATION(#11,'Body','SweptSolid',(#322));
#324=IFCPRODUCTDEFINITIONSHAPE($,$,(#323));
#325=IFCCARTESIANPOINT((0.,0.,0.));
#326=IFCDIRECTION((0.,0.,1.));
#327=IFCDIRECTION((1.,0.,0.));
#328=IFCAXIS2PLACEMENT3D(#325,#326,#327);
#329=IFCLOCALPLACEMENT($,#328);
#330=IFCRELSPACEBOUNDARY('1R8WoeUw10E8R8NIO9x3fr',$,$,$,#18,#306,$,.PHYSICAL.,.INTERNAL.);
#331=IFCWALL('260m8A_bTFU8XP_b5U2QHc',$,'Corridor Wall W',$,$,#354,#349,$,$);
#335=IFCCARTESIANPOINT((-0.074999999999999997,4.9249999999999998));
#336=IFCCARTESIANPOINT((0.074999999999999997,4.9249999999999998));
#337=IFCCARTESIANPOINT((0.074999999999999997,7.5750000000000002));
#338=IFCCARTESIANPOINT((-0.074999999999999997,7.5750000000000002));
#339=IFCCARTESIANPOINT((-0.074999999999999997,4.9249999999999998));
#340=IFCPOLYLINE((#335,#336,#337,#338,#339));
#341=IFCARBITRARYCLOSEDPROFILEDEF(.AREA.,$,#340);
#342=IFCCARTESIANPOINT((0.,0.,0.));
#343=IFCDIRECTION((0.,0.,1.));
#344=IFCDIRECTION((1.,0.,0.));
#345=IFCAXIS2PLACEMENT3D(#342,#343,#344);
#346=IFCDIRECTION((0.,0.,1.));
#347=IFCEXTRUDEDAREASOLID(#341,#345,#346,3.);
#348=IFCSHAPEREPRESENTATION(#11,'Body','SweptSolid',(#347));
#349=IFCPRODUCTDEFINITIONSHAPE($,$,(#348));
#350=IFCCARTESIANPOINT((0.,0.,0.));
#351=IFCDIRECTION((0.,0.,1.));
#352=IFCDIRECTION((1.,0.,0.));
#353=IFCAXIS2PLACEMENT3D(#350,#351,#352);
#354=IFCLOCALPLACEMENT($,#353);
#355=IFCRELSPACEBOUNDARY('2M_AWQcZD6ugTf2sFLVp7s',$,$,$,#18,#331,$,.PHYSICAL.,.INTERNAL.);
#356=IFCWALL('0pBSLC4_zES991i5bImKIk',$,'Corridor Wall E',$,$,#379,#374,$,$);
#360=IFCCARTESIANPOINT((20.925000000000001,4.9249999999999998));
#361=IFCCARTESIANPOINT((21.074999999999999,4.9249999999999998));
#362=IFCCARTESIANPOINT((21.074999999999999,7.5750000000000002));
#363=IFCCARTESIANPOINT((20.925000000000001,7.5750000000000002));
#364=IFCCARTESIANPOINT((20.925000000000001,4.9249999999999998));
#365=IFCPOLYLINE((#360,#361,#362,#363,#364));
#366=IFCARBITRARYCLOSEDPROFILEDEF(.AREA.,$,#365);
#367=IFCCARTESIANPOINT((0.,0.,0.));
#368=IFCDIRECTION((0.,0.,1.));
#369=IFCDIRECTION((1.,0.,0.));
#370=IFCAXIS2PLACEMENT3D(#367,#368,#369);
#371=IFCDIRECTION((0.,0.,1.));
#372=IFCEXTRUDEDAREASOLID(#366,#370,#371,3.);
#373=IFCSHAPEREPRESENTATION(#11,'Body','SweptSolid',(#372));
#374=IFCPRODUCTDEFINITIONSHAPE($,$,(#373));
#375=IFCCARTESIANPOINT((0.,0.,0.));
#376=IFCDIRECTION((0.,0.,1.));
#377=IFCDIRECTION((1.,0.,0.));
#378=IFCAXIS2PLACEMENT3D(#375,#376,#377);
#379=IFCLOCALPLACEMENT($,#378);
#380=IFCRELSPACEBOUNDARY('0xvPkFrhbEhORZWdrZq15k',$,$,$,#18,#356,$,.PHYSICAL.,.INTERNAL.);
#381=IFCWALL('3x57cE3CD9ohGtSBPEhpTI',$,'Office1 Wall S',$,$,#404,#399,$,$);
#385=IFCCARTESIANPOINT((-0.074999999999999997,7.4249999999999998));
#386=IFCCARTESIANPOINT((5.0750000000000002,7.4249999999999998));
#387=IFCCARTESIANPOINT((5.0750000000000002,7.5750000000000002));
#388=IFCCARTESIANPOINT((-0.074999999999999997,7.5750000000000002));
#389=IFCCARTESIANPOINT((-0.074999999999999997,7.4249999999999998));
#390=IFCPOLYLINE((#385,#386,#387,#388,#389));
#391=IFCARBITRARYCLOSEDPROFILEDEF(.AREA.,$,#390);
#392=IFCCARTESIANPOINT((0.,0.,0.));
#393=IFCDIRECTION((0.,0.,1.));
#394=IFCDIRECTION((1.,0.,0.));
#395=IFCAXIS2PLACEMENT3D(#392,#393,#394);
#396=IFCDIRECTION((0.,0.,1.));
#397=IFCEXTRUDEDAREASOLID(#391,#395,#396,3.);
#398=IFCSHAPEREPRESENTATION(#11,'Body','SweptSolid',(#397));
#399=IFCPRODUCTDEFINITIONSHAPE($,$,(#398));
#400=IFCCARTESIANPOINT((0.,0.,0.));
#401=IFCDIRECTION((0.,0.,1.));
#402=IFCDIRECTION((1.,0.,0.));
#403=IFCAXIS2PLACEMENT3D(#400,#401,#402);
#404=IFCLOCALPLACEMENT($,#403);
#405=IFCRELSPACEBOUNDARY('2u7OJUkJz4A9jHEMMGp23n',$,$,$,#48,#381,$,.PHYSICAL.,.INTERNAL.);
#406=IFCWALL('0PtrxtAJz5_AuWTQXUzC$T',$,'Office1 Wall N',$,$,#429,#424,$,$);
#410=IFCCARTESIANPOINT((-0.074999999999999997,12.425000000000001));
#411=IFCCARTESIANPOINT((5.0750000000000002,12.425000000000001));
#412=IFCCARTESIANPOINT((5.0750000000000002,12.574999999999999));
#413=IFCCARTESIANPOINT((-0.074999999999999997,12.574999999999999));
#414=IFCCARTESIANPOINT((-0.074999999999999997,12.425000000000001));
#415=IFCPOLYLINE((#410,#411,#412,#413,#414));
#416=IFCARBITRARYCLOSEDPROFILEDEF(.AREA.,$,#415);
#417=IFCCARTESIANPOINT((0.,0.,0.));
#418=IFCDIRECTION((0.,0.,1.));
#419=IFCDIRECTION((1.,0.,0.));
#420=IFCAXIS2PLACEMENT3D(#417,#418,#419);
#421=IFCDIRECTION((0.,0.,1.));
#422=IFCEXTRUDEDAREASOLID(#416,#420,#421,3.);
#423=IFCSHAPEREPRESENTATION(#11,'Body','SweptSolid',(#422));
#424=IFCPRODUCTDEFINITIONSHAPE($,$,(#423));
#425=IFCCARTESIANPOINT((0.,0.,0.));
#426=IFCDIRECTION((0.,0.,1.));
#427=IFCDIRECTION((1.,0.,0.));
#428=IFCAXIS2PLACEMENT3D(#425,#426,#427);
#429=IFCLOCALPLACEMENT($,#428);
#430=IFCRELSPACEBOUNDARY('2NGqGaZYvBawb28IdxIZHf',$,$,$,#48,#406,$,.PHYSICAL.,.INTERNAL.);
#431=IFCWALL('1qqQ9Fh2X7Exkmif96_rte',$,'Office1 Wall W',$,$,#454,#449,$,$);
#435=IFCCARTESIANPOINT((-0.074999999999999997,7.4249999999999998));
#436=IFCCARTESIANPOINT((0.074999999999999997,7.4249999999999998));
#437=IFCCARTESIANPOINT((0.074999999999999997,12.574999999999999));
#438=IFCCARTESIANPOINT((-0.074999999999999997,12.574999999999999));
#439=IFCCARTESIANPOINT((-0.074999999999999997,7.4249999999999998));
#440=IFCPOLYLINE((#435,#436,#437,#438,#439));
#441=IFCARBITRARYCLOSEDPROFILEDEF(.AREA.,$,#440);
#442=IFCCARTESIANPOINT((0.,0.,0.));
#443=IFCDIRECTION((0.,0.,1.));
#444=IFCDIRECTION((1.,0.,0.));
#445=IFCAXIS2PLACEMENT3D(#442,#443,#444);
#446=IFCDIRECTION((0.,0.,1.));
#447=IFCEXTRUDEDAREASOLID(#441,#445,#446,3.);
#448=IFCSHAPEREPRESENTATION(#11,'Body','SweptSolid',(#447));
#449=IFCPRODUCTDEFINITIONSHAPE($,$,(#448));
#450=IFCCARTESIANPOINT((0.,0.,0.));
#451=IFCDIRECTION((0.,0.,1.));
#452=IFCDIRECTION((1.,0.,0.));
#453=IFCAXIS2PLACEMENT3D(#450,#451,#452);
#454=IFCLOCALPLACEMENT($,#453);
#455=IFCRELSPACEBOUNDARY('0lIjQSgY9EBucE0dFHOx96',$,$,$,#48,#431,$,.PHYSICAL.,.INTERNAL.);
#456=IFCWALL('3jpb6bgUf5XPYS7dc_2A1w',$,'Office1 Wall E',$,$,#479,#474,$,$);
#460=IFCCARTESIANPOINT((4.9249999999999998,7.4249999999999998));
#461=IFCCARTESIANPOINT((5.0750000000000002,7.4249999999999998));
#462=IFCCARTESIANPOINT((5.0750000000000002,12.574999999999999));
#463=IFCCARTESIANPOINT((4.9249999999999998,12.574999999999999));
#464=IFCCARTESIANPOINT((4.9249999999999998,7.4249999999999998));
#465=IFCPOLYLINE((#460,#461,#462,#463,#464));
#466=IFCARBITRARYCLOSEDPROFILEDEF(.AREA.,$,#465);
#467=IFCCARTESIANPOINT((0.,0.,0.));
#468=IFCDIRECTION((0.,0.,1.));
#469=IFCDIRECTION((1.,0.,0.));
#470=IFCAXIS2PLACEMENT3D(#467,#468,#469);
#471=IFCDIRECTION((0.,0.,1.));
#472=IFCEXTRUDEDAREASOLID(#466,#470,#471,3.);
#473=IFCSHAPEREPRESENTATION(#11,'Body','SweptSolid',(#472));
#474=IFCPRODUCTDEFINITIONSHAPE($,$,(#473));
#475=IFCCARTESIANPOINT((0.,0.,0.));
#476=IFCDIRECTION((0.,0.,1.));
#477=IFCDIRECTION((1.,0.,0.));
#478=IFCAXIS2PLACEMENT3D(#475,#476,#477);
#479=IFCLOCALPLACEMENT($,#478);
#480=IFCRELSPACEBOUNDARY('0KT$F02kb6jRYrFqP7NFpd',$,$,$,#48,#456,$,.PHYSICAL.,.INTERNAL.);
#481=IFCWALL('1ZmlqE11D0ceUxyyfmFlOS',$,'Office2 Wall S',$,$,#504,#499,$,$);
#485=IFCCARTESIANPOINT((4.9249999999999998,7.4249999999999998));
#486=IFCCARTESIANPOINT((10.074999999999999,7.4249999999999998));
#487=IFCCARTESIANPOINT((10.074999999999999,7.5750000000000002));
#488=IFCCARTESIANPOINT((4.9249999999999998,7.5750000000000002));
#489=IFCCARTESIANPOINT((4.9249999999999998,7.4249999999999998));
#490=IFCPOLYLINE((#485,#486,#487,#488,#489));
#491=IFCARBITRARYCLOSEDPROFILEDEF(.AREA.,$,#490);
#492=IFCCARTESIANPOINT((0.,0.,0.));
#493=IFCDIRECTION((0.,0.,1.));
#494=IFCDIRECTION((1.,0.,0.));
#495=IFCAXIS2PLACEMENT3D(#492,#493,#494);
#496=IFCDIRECTION((0.,0.,1.));
#497=IFCEXTRUDEDAREASOLID(#491,#495,#496,3.);
#498=IFCSHAPEREPRESENTATION(#11,'Body','SweptSolid',(#497));
#499=IFCPRODUCTDEFINITIONSHAPE($,$,(#498));
#500=IFCCARTESIANPOINT((0.,0.,0.));
#501=IFCDIRECTION((0.,0.,1.));
#502=IFCDIRECTION((1.,0.,0.));
#503=IFCAXIS2PLACEMENT3D(#500,#501,#502);
#504=IFCLOCALPLACEMENT($,#503);
#505=IFCRELSPACEBOUNDARY('2w6NWDwJj24P9yozBsyKwi',$,$,$,#77,#481,$,.PHYSICAL.,.INTERNAL.);
#506=IFCWALL('3$NTPDuS1CzheZNItJu6h8',$,'Office2 Wall N',$,$,#529,#524,$,$);
#510=IFCCARTESIANPOINT((4.9249999999999998,12.425000000000001));
#511=IFCCARTESIANPOINT((10.074999999999999,12.425000000000001));
#512=IFCCARTESIANPOINT((10.074999999999999,12.574999999999999));
#513=IFCCARTESIANPOINT((4.9249999999999998,12.574999999999999));
#514=IFCCARTESIANPOINT((4.9249999999999998,12.425000000000001));
#515=IFCPOLYLINE((#510,#511,#512,#513,#514));
#516=IFCARBITRARYCLOSEDPROFILEDEF(.AREA.,$,#515);
#517=IFCCARTESIANPOINT((0.,0.,0.));
#518=IFCDIRECTION((0.,0.,1.));
#519=IFCDIRECTION((1.,0.,0.));
#520=IFCAXIS2PLACEMENT3D(#517,#518,#519);
#521=IFCDIRECTION((0.,0.,1.));
#522=IFCEXTRUDEDAREASOLID(#516,#520,#521,3.);
#523=IFCSHAPEREPRESENTATION(#11,'Body','SweptSolid',(#522));
#524=IFCPRODUCTDEFINITIONSHAPE($,$,(#523));
#525=IFCCARTESIANPOINT((0.,0.,0.));
#526=IFCDIRECTION((0.,0.,1.));
#527=IFCDIRECTION((1.,0.,0.));
#528=IFCAXIS2PLACEMENT3D(#525,#526,#527);
#529=IFCLOCALPLACEMENT($,#528);
#530=IFCRELSPACEBOUNDARY('30KLgLqdb6vBdHYSxMVmrz',$,$,$,#77,#506,$,.PHYSICAL.,.INTERNAL.);
#531=IFCWALL('2I6bkI9u95DBgf4vAm6GHO',$,'Office2 Wall W',$,$,#554,#549,$,$);
#535=IFCCARTESIANPOINT((4.9249999999999998,7.4249999999999998));
#536=IFCCARTESIANPOINT((5.0750000000000002,7.4249999999999998));
#537=IFCCARTESIANPOINT((5.0750000000000002,12.574999999999999));
#538=IFCCARTESIANPOINT((4.9249999999999998,12.574999999999999));
#539=IFCCARTESIANPOINT((4.9249999999999998,7.4249999999999998));
#540=IFCPOLYLINE((#535,#536,#537,#538,#539));
#541=IFCARBITRARYCLOSEDPROFILEDEF(.AREA.,$,#540);
#542=IFCCARTESIANPOINT((0.,0.,0.));
#543=IFCDIRECTION((0.,0.,1.));
#544=IFCDIRECTION((1.,0.,0.));
#545=IFCAXIS2PLACEMENT3D(#542,#543,#544);
#546=IFCDIRECTION((0.,0.,1.));
#547=IFCEXTRUDEDAREASOLID(#541,#545,#546,3.);
#548=IFCSHAPEREPRESENTATION(#11,'Body','SweptSolid',(#547));
#549=IFCPRODUCTDEFINITIONSHAPE($,$,(#548));
#550=IFCCARTESIANPOINT((0.,0.,0.));
#551=IFCDIRECTION((0.,0.,1.));
#552=IFCDIRECTION((1.,0.,0.));
#553=IFCAXIS2PLACEMENT3D(#550,#551,#552);
#554=IFCLOCALPLACEMENT($,#553);
#555=IFCRELSPACEBOUNDARY('3V6XSp10T9T9QLVYJeVrF5',$,$,$,#77,#531,$,.PHYSICAL.,.INTERNAL.);
#556=IFCWALL('0x56hzP3PCYuNhjztM$Bmr',$,'Office2 Wall E',$,$,#579,#574,$,$);
#560=IFCCARTESIANPOINT((9.9250000000000007,7.4249999999999998));
#561=IFCCARTESIANPOINT((10.074999999999999,7.4249999999999998));
#562=IFCCARTESIANPOINT((10.074999999999999,12.574999999999999));
#563=IFCCARTESIANPOINT((9.9250000000000007,12.574999999999999));
#564=IFCCARTESIANPOINT((9.9250000000000007,7.4249999999999998));
#565=IFCPOLYLINE((#560,#561,#562,#563,#564));
#566=IFCARBITRARYCLOSEDPROFILEDEF(.AREA.,$,#565);
#567=IFCCARTESIANPOINT((0.,0.,0.));
#568=IFCDIRECTION((0.,0.,1.));
#569=IFCDIRECTION((1.,0.,0.));
#570=IFCAXIS2PLACEMENT3D(#567,#568,#569);
#571=IFCDIRECTION((0.,0.,1.));
#572=IFCEXTRUDEDAREASOLID(#566,#570,#571,3.);
#573=IFCSHAPEREPRESENTATION(#11,'Body','SweptSolid',(#572));
#574=IFCPRODUCTDEFINITIONSHAPE($,$,(#573));
#575=IFCCARTESIANPOINT((0.,0.,0.));
#576=IFCDIRECTION((0.,0.,1.));
#577=IFCDIRECTION((1.,0.,0.));
#578=IFCAXIS2PLACEMENT3D(#575,#576,#577);
#579=IFCLOCALPLACEMENT($,#578);
#580=IFCRELSPACEBOUNDARY('1QRbghuI10Tu5C1Sk6faCb',$,$,$,#77,#556,$,.PHYSICAL.,.INTERNAL.);
#581=IFCWALL('2xf8aZGRb3iAkmLChachiL',$,'Office3 Wall S',$,$,#604,#599,$,$);
#585=IFCCARTESIANPOINT((9.9250000000000007,7.4249999999999998));
#586=IFCCARTESIANPOINT((14.074999999999999,7.4249999999999998));
#587=IFCCARTESIANPOINT((14.074999999999999,7.5750000000000002));
#588=IFCCARTESIANPOINT((9.9250000000000007,7.5750000000000002));
#589=IFCCARTESIANPOINT((9.9250000000000007,7.4249999999999998));
#590=IFCPOLYLINE((#585,#586,#587,#588,#589));
#591=IFCARBITRARYCLOSEDPROFILEDEF(.AREA.,$,#590);
#592=IFCCARTESIANPOINT((0.,0.,0.));
#593=IFCDIRECTION((0.,0.,1.));
#594=IFCDIRECTION((1.,0.,0.));
#595=IFCAXIS2PLACEMENT3D(#592,#593,#594);
#596=IFCDIRECTION((0.,0.,1.));
#597=IFCEXTRUDEDAREASOLID(#591,#595,#596,3.);
#598=IFCSHAPEREPRESENTATION(#11,'Body','SweptSolid',(#597));
#599=IFCPRODUCTDEFINITIONSHAPE($,$,(#598));
#600=IFCCARTESIANPOINT((0.,0.,0.));
#601=IFCDIRECTION((0.,0.,1.));
#602=IFCDIRECTION((1.,0.,0.));
#603=IFCAXIS2PLACEMENT3D(#600,#601,#602);
#604=IFCLOCALPLACEMENT($,#603);
#605=IFCRELSPACEBOUNDARY('2uBqVO_bn0tfs69TazkOs$',$,$,$,#106,#581,$,.PHYSICAL.,.INTERNAL.);
#606=IFCWALL('01siQ8Z4PEN8$52bH0d4ZK',$,'Office3 Wall N',$,$,#629,#624,$,$);
#610=IFCCARTESIANPOINT((9.9250000000000007,11.425000000000001));
#611=IFCCARTESIANPOINT((14.074999999999999,11.425000000000001));
#612=IFCCARTESIANPOINT((14.074999999999999,11.574999999999999));
#613=IFCCARTESIANPOINT((9.9250000000000007,11.574999999999999));
#614=IFCCARTESIANPOINT((9.9250000000000007,11.425000000000001));
#615=IFCPOLYLINE((#610,#611,#612,#613,#614));
#616=IFCARBITRARYCLOSEDPROFILEDEF(.AREA.,$,#615);
#617=IFCCARTESIANPOINT((0.,0.,0.));
#618=IFCDIRECTION((0.,0.,1.));
#619=IFCDIRECTION((1.,0.,0.));
#620=IFCAXIS2PLACEMENT3D(#617,#618,#619);
#621=IFCDIRECTION((0.,0.,1.));
#622=IFCEXTRUDEDAREASOLID(#616,#620,#621,3.);
#623=IFCSHAPEREPRESENTATION(#11,'Body','SweptSolid',(#622));
#624=IFCPRODUCTDEFINITIONSHAPE($,$,(#623));
#625=IFCCARTESIANPOINT((0.,0.,0.));
#626=IFCDIRECTION((0.,0.,1.));
#627=IFCDIRECTION((1.,0.,0.));
#628=IFCAXIS2PLACEMENT3D(#625,#626,#627);
#629=IFCLOCALPLACEMENT($,#628);
#630=IFCRELSPACEBOUNDARY('2b_06JKUH8ggSoXq7Pm44D',$,$,$,#106,#606,$,.PHYSICAL.,.INTERNAL.);
#631=IFCWALL('1j_LIYbCzC4OUnVeWGyn0Q',$,'Office3 Wall W',$,$,#654,#649,$,$);
#635=IFCCARTESIANPOINT((9.9250000000000007,7.4249999999999998));
#636=IFCCARTESIANPOINT((10.074999999999999,7.4249999999999998));
#637=IFCCARTESIANPOINT((10.074999999999999,11.574999999999999));
#638=IFCCARTESIANPOINT((9.9250000000000007,11.574999999999999));
#639=IFCCARTESIANPOINT((9.9250000000000007,7.4249999999999998));
#640=IFCPOLYLINE((#635,#636,#637,#638,#639));
#641=IFCARBITRARYCLOSEDPROFILEDEF(.AREA.,$,#640);
#642=IFCCARTESIANPOINT((0.,0.,0.));
#643=IFCDIRECTION((0.,0.,1.));
#644=IFCDIRECTION((1.,0.,0.));
#645=IFCAXIS2PLACEMENT3D(#642,#643,#644);
#646=IFCDIRECTION((0.,0.,1.));
#647=IFCEXTRUDEDAREASOLID(#641,#645,#646,3.);
#648=IFCSHAPEREPRESENTATION(#11,'Body','SweptSolid',(#647));
#649=IFCPRODUCTDEFINITIONSHAPE($,$,(#648));
#650=IFCCARTESIANPOINT((0.,0.,0.));
#651=IFCDIRECTION((0.,0.,1.));
#652=IFCDIRECTION((1.,0.,0.));
#653=IFCAXIS2PLACEMENT3D(#650,#651,#652);
#654=IFCLOCALPLACEMENT($,#653);
#655=IFCRELSPACEBOUNDARY('1rCgBA5aX9pBRi1Pp$MTUh',$,$,$,#106,#631,$,.PHYSICAL.,.INTERNAL.);
#656=IFCWALL('1vxGM3jy1C8fpTgCjXMwvt',$,'Office3 Wall E',$,$,#679,#674,$,$);
#660=IFCCARTESIANPOINT((13.925000000000001,7.4249999999999998));
#661=IFCCARTESIANPOINT((14.074999999999999,7.4249999999999998));
#662=IFCCARTESIANPOINT((14.074999999999999,11.574999999999999));
#663=IFCCARTESIANPOINT((13.925000000000001,11.574999999999999));
#664=IFCCARTESIANPOINT((13.925000000000001,7.4249999999999998));
#665=IFCPOLYLINE((#660,#661,#662,#663,#664));
#666=IFCARBITRARYCLOSEDPROFILEDEF(.AREA.,$,#665);
#667=IFCCARTESIANPOINT((0.,0.,0.));
#668=IFCDIRECTION((0.,0.,1.));
#669=IFCDIRECTION((1.,0.,0.));
#670=IFCAXIS2PLACEMENT3D(#667,#668,#669);
#671=IFCDIRECTION((0.,0.,1.));
#672=IFCEXTRUDEDAREASOLID(#666,#670,#671,3.);
#673=IFCSHAPEREPRESENTATION(#11,'Body','SweptSolid',(#672));
#674=IFCPRODUCTDEFINITIONSHAPE($,$,(#673));
#675=IFCCARTESIANPOINT((0.,0.,0.));
#676=IFCDIRECTION((0.,0.,1.));
#677=IFCDIRECTION((1.,0.,0.));
#678=IFCAXIS2PLACEMENT3D(#675,#676,#677);
#679=IFCLOCALPLACEMENT($,#678);
#680=IFCRELSPACEBOUNDARY('1zY9HonFj4JfgzQSl3cCx7',$,$,$,#106,#656,$,.PHYSICAL.,.INTERNAL.);
#681=IFCWALL('0Dyiuqo8L269$ir7Gc2cNy',$,'Seminar Wall S',$,$,#704,#699,$,$);
#685=IFCCARTESIANPOINT((13.925000000000001,7.4249999999999998));
#686=IFCCARTESIANPOINT((21.074999999999999,7.4249999999999998));
#687=IFCCARTESIANPOINT((21.074999999999999,7.5750000000000002));
#688=IFCCARTESIANPOINT((13.925000000000001,7.5750000000000002));
#689=IFCCARTESIANPOINT((13.925000000000001,7.4249999999999998));
#690=IFCPOLYLINE((#685,#686,#687,#688,#689));
#691=IFCARBITRARYCLOSEDPROFILEDEF(.AREA.,$,#690);
#692=IFCCARTESIANPOINT((0.,0.,0.));
#693=IFCDIRECTION((0.,0.,1.));
#694=IFCDIRECTION((1.,0.,0.));
#695=IFCAXIS2PLACEMENT3D(#692,#693,#694);
#696=IFCDIRECTION((0.,0.,1.));
#697=IFCEXTRUDEDAREASOLID(#691,#695,#696,3.);
#698=IFCSHAPEREPRESENTATION(#11,'Body','SweptSolid',(#697));
#699=IFCPRODUCTDEFINITIONSHAPE($,$,(#698));
#700=IFCCARTESIANPOINT((0.,0.,0.));
#701=IFCDIRECTION((0.,0.,1.));
#702=IFCDIRECTION((1.,0.,0.));
#703=IFCAXIS2PLACEMENT3D(#700,#701,#702);
#704=IFCLOCALPLACEMENT($,#703);
#705=IFCRELSPACEBOUNDARY('2Iq7j4Kmf1Dg$G5wrz_ICM',$,$,$,#135,#681,$,.PHYSICAL.,.INTERNAL.);
#706=IFCWALL('0xpkmfouz9BeZ23SF607e5',$,'Seminar Wall N',$,$,#729,#724,$,$);
#710=IFCCARTESIANPOINT((13.925000000000001,13.425000000000001));
#711=IFCCARTESIANPOINT((21.074999999999999,13.425000000000001));
#712=IFCCARTESIANPOINT((21.074999999999999,13.574999999999999));
#713=IFCCARTESIANPOINT((13.925000000000001,13.574999999999999));
#714=IFCCARTESIANPOINT((13.925000000000001,13.425000000000001));
#715=IFCPOLYLINE((#710,#711,#712,#713,#714));
#716=IFCARBITRARYCLOSEDPROFILEDEF(.AREA.,$,#715);
#717=IFCCARTESIANPOINT((0.,0.,0.));
#718=IFCDIRECTION((0.,0.,1.));
#719=IFCDIRECTION((1.,0.,0.));
#720=IFCAXIS2PLACEMENT3D(#717,#718,#719);
#721=IFCDIRECTION((0.,0.,1.));
#722=IFCEXTRUDEDAREASOLID(#716,#720,#721,3.);
#723=IFCSHAPEREPRESENTATION(#11,'Body','SweptSolid',(#722));
#724=IFCPRODUCTDEFINITIONSHAPE($,$,(#723));
#725=IFCCARTESIANPOINT((0.,0.,0.));
#726=IFCDIRECTION((0.,0.,1.));
#727=IFCDIRECTION((1.,0.,0.));
#728=IFCAXIS2PLACEMENT3D(#725,#726,#727);
#729=IFCLOCALPLACEMENT($,#728);
#730=IFCRELSPACEBOUNDARY('0WP_2au490Zx87fq5oG7PF',$,$,$,#135,#706,$,.PHYSICAL.,.INTERNAL.);
#731=IFCWALL('3_Ind23Ur0ZR8m76mtfEe4',$,'Seminar Wall W',$,$,#754,#749,$,$);
#735=IFCCARTESIANPOINT((13.925000000000001,7.4249999999999998));
#736=IFCCARTESIANPOINT((14.074999999999999,7.4249999999999998));
#737=IFCCARTESIANPOINT((14.074999999999999,13.574999999999999));
#738=IFCCARTESIANPOINT((13.925000000000001,13.574999999999999));
#739=IFCCARTESIANPOINT((13.925000000000001,7.4249999999999998));
#740=IFCPOLYLINE((#735,#736,#737,#738,#739));
#741=IFCARBITRARYCLOSEDPROFILEDEF(.AREA.,$,#740);
#742=IFCCARTESIANPOINT((0.,0.,0.));
#743=IFCDIRECTION((0.,0.,1.));
#744=IFCDIRECTION((1.,0.,0.));
#745=IFCAXIS2PLACEMENT3D(#742,#743,#744);
#746=IFCDIRECTION((0.,0.,1.));
#747=IFCEXTRUDEDAREASOLID(#741,#745,#746,3.);
#748=IFCSHAPEREPRESENTATION(#11,'Body','SweptSolid',(#747));
#749=IFCPRODUCTDEFINITIONSHAPE($,$,(#748));
#750=IFCCARTESIANPOINT((0.,0.,0.));
#751=IFCDIRECTION((0.,0.,1.));
#752=IFCDIRECTION((1.,0.,0.));
#753=IFCAXIS2PLACEMENT3D(#750,#751,#752);
#754=IFCLOCALPLACEMENT($,#753);
#755=IFCRELSPACEBOUNDARY('3PrfmEFrP5QASZNP8gWhqr',$,$,$,#135,#731,$,.PHYSICAL.,.INTERNAL.);
#756=IFCWALL('0H85vf7SX7VBao7s2TjGO4',$,'Seminar Wall E',$,$,#779,#774,$,$);
#760=IFCCARTESIANPOINT((20.925000000000001,7.4249999999999998));
#761=IFCCARTESIANPOINT((21.074999999999999,7.4249999999999998));
#762=IFCCARTESIANPOINT((21.074999999999999,13.574999999999999));
#763=IFCCARTESIANPOINT((20.925000000000001,13.574999999999999));
#764=IFCCARTESIANPOINT((20.925000000000001,7.4249999999999998));
#765=IFCPOLYLINE((#760,#761,#762,#763,#764));
#766=IFCARBITRARYCLOSEDPROFILEDEF(.AREA.,$,#765);
#767=IFCCARTESIANPOINT((0.,0.,0.));
#768=IFCDIRECTION((0.,0.,1.));
#769=IFCDIRECTION((1.,0.,0.));
#770=IFCAXIS2PLACEMENT3D(#767,#768,#769);
#771=IFCDIRECTION((0.,0.,1.));
#772=IFCEXTRUDEDAREASOLID(#766,#770,#771,3.);
#773=IFCSHAPEREPRESENTATION(#11,'Body','SweptSolid',(#772));
#774=IFCPRODUCTDEFINITIONSHAPE($,$,(#773));
#775=IFCCARTESIANPOINT((0.,0.,0.));
#776=IFCDIRECTION((0.,0.,1.));
#777=IFCDIRECTION((1.,0.,0.));
#778=IFCAXIS2PLACEMENT3D(#775,#776,#777);
#779=IFCLOCALPLACEMENT($,#778);
#780=IFCRELSPACEBOUNDARY('2oOpQeu8D1uhirkuAVbFiL',$,$,$,#135,#756,$,.PHYSICAL.,.INTERNAL.);
#781=IFCWALL('2gyzxUKqH1M8ra5f5$WfaF',$,'Reception Wall S',$,$,#804,#799,$,$);
#785=IFCCARTESIANPOINT((-0.074999999999999997,-0.074999999999999997));
#786=IFCCARTESIANPOINT((6.0750000000000002,-0.074999999999999997));
#787=IFCCARTESIANPOINT((6.0750000000000002,0.074999999999999997));
#788=IFCCARTESIANPOINT((-0.074999999999999997,0.074999999999999997));
#789=IFCCARTESIANPOINT((-0.074999999999999997,-0.074999999999999997));
#790=IFCPOLYLINE((#785,#786,#787,#788,#789));
#791=IFCARBITRARYCLOSEDPROFILEDEF(.AREA.,$,#790);
#792=IFCCARTESIANPOINT((0.,0.,0.));
#793=IFCDIRECTION((0.,0.,1.));
#794=IFCDIRECTION((1.,0.,0.));
#795=IFCAXIS2PLACEMENT3D(#792,#793,#794);
#796=IFCDIRECTION((0.,0.,1.));
#797=IFCEXTRUDEDAREASOLID(#791,#795,#796,3.);
#798=IFCSHAPEREPRESENTATION(#11,'Body','SweptSolid',(#797));
#799=IFCPRODUCTDEFINITIONSHAPE($,$,(#798));
#800=IFCCARTESIANPOINT((0.,0.,0.));
#801=IFCDIRECTION((0.,0.,1.));
#802=IFCDIRECTION((1.,0.,0.));
#803=IFCAXIS2PLACEMENT3D(#800,#801,#802);
#804=IFCLOCALPLACEMENT($,#803);
#805=IFCRELSPACEBOUNDARY('2m86nrSFjC98mEZgmMPRNn',$,$,$,#164,#781,$,.PHYSICAL.,.INTERNAL.);
#806=IFCWALL('3cfgZUgZX2HRIJTqt6ZQ4A',$,'Reception Wall N',$,$,#829,#824,$,$);
#810=IFCCARTESIANPOINT((-0.074999999999999997,4.9249999999999998));
#811=IFCCARTESIANPOINT((6.0750000000000002,4.9249999999999998));
#812=IFCCARTESIANPOINT((6.0750000000000002,5.0750000000000002));
#813=IFCCARTESIANPOINT((-0.074999999999999997,5.0750000000000002));
#814=IFCCARTESIANPOINT((-0.074999999999999997,4.9249999999999998));
#815=IFCPOLYLINE((#810,#811,#812,#813,#814));
#816=IFCARBITRARYCLOSEDPROFILEDEF(.AREA.,$,#815);
#817=IFCCARTESIANPOINT((0.,0.,0.));
#818=IFCDIRECTION((0.,0.,1.));
#819=IFCDIRECTION((1.,0.,0.));
#820=IFCAXIS2PLACEMENT3D(#817,#818,#819);
#821=IFCDIRECTION((0.,0.,1.));
#822=IFCEXTRUDEDAREASOLID(#816,#820,#821,3.);
#823=IFCSHAPEREPRESENTATION(#11,'Body','SweptSolid',(#822));
#824=IFCPRODUCTDEFINITIONSHAPE($,$,(#823));
#825=IFCCARTESIANPOINT((0.,0.,0.));
#826=IFCDIRECTION((0.,0.,1.));
#827=IFCDIRECTION((1.,0.,0.));
#828=IFCAXIS2PLACEMENT3D(#825,#826,#827);
#829=IFCLOCALPLACEMENT($,#828);
#830=IFCRELSPACEBOUNDARY('3gGz6Zl3zF8QqoRv7cC51B',$,$,$,#164,#806,$,.PHYSICAL.,.INTERNAL.);
#831=IFCWALL('1vkqnUxU911wh4hTsC7kfk',$,'Reception Wall W',$,$,#854,#849,$,$);
#835=IFCCARTESIANPOINT((-0.074999999999999997,-0.074999999999999997));
#836=IFCCARTESIANPOINT((0.074999999999999997,-0.074999999999999997));
#837=IFCCARTESIANPOINT((0.074999999999999997,5.0750000000000002));
#838=IFCCARTESIANPOINT((-0.074999999999999997,5.0750000000000002));
#839=IFCCARTESIANPOINT((-0.074999999999999997,-0.074999999999999997));
#840=IFCPOLYLINE((#835,#836,#837,#838,#839));
#841=IFCARBITRARYCLOSEDPROFILEDEF(.AREA.,$,#840);
#842=IFCCARTESIANPOINT((0.,0.,0.));
#843=IFCDIRECTION((0.,0.,1.));
#844=IFCDIRECTION((1.,0.,0.));
#845=IFCAXIS2PLACEMENT3D(#842,#843,#844);
#846=IFCDIRECTION((0.,0.,1.));
#847=IFCEXTRUDEDAREASOLID(#841,#845,#846,3.);
#848=IFCSHAPEREPRESENTATION(#11,'Body','SweptSolid',(#847));
#849=IFCPRODUCTDEFINITIONSHAPE($,$,(#848));
#850=IFCCARTESIANPOINT((0.,0.,0.));
#851=IFCDIRECTION((0.,0.,1.));
#852=IFCDIRECTION((1.,0.,0.));
#853=IFCAXIS2PLACEMENT3D(#850,#851,#852);
#854=IFCLOCALPLACEMENT($,#853);
#855=IFCRELSPACEBOUNDARY('1AZBoibFz7fRzKuxicTxHR',$,$,$,#164,#831,$,.PHYSICAL.,.INTERNAL.);
#856=IFCWALL('1K16VbotP2rOIbPPAByj89',$,'Reception Wall E',$,$,#879,#874,$,$);
#860=IFCCARTESIANPOINT((5.9249999999999998,-0.074999999999999997));
#861=IFCCARTESIANPOINT((6.0750000000000002,-0.074999999999999997));
#862=IFCCARTESIANPOINT((6.0750000000000002,5.0750000000000002));
#863=IFCCARTESIANPOINT((5.9249999999999998,5.0750000000000002));
#864=IFCCARTESIANPOINT((5.9249999999999998,-0.074999999999999997));
#865=IFCPOLYLINE((#860,#861,#862,#863,#864));
#866=IFCARBITRARYCLOSEDPROFILEDEF(.AREA.,$,#865);
#867=IFCCARTESIANPOINT((0.,0.,0.));
#868=IFCDIRECTION((0.,0.,1.));
#869=IFCDIRECTION((1.,0.,0.));
#870=IFCAXIS2PLACEMENT3D(#867,#868,#869);
#871=IFCDIRECTION((0.,0.,1.));
#872=IFCEXTRUDEDAREASOLID(#866,#870,#871,3.);
#873=IFCSHAPEREPRESENTATION(#11,'Body','SweptSolid',(#872));
#874=IFCPRODUCTDEFINITIONSHAPE($,$,(#873));
#875=IFCCARTESIANPOINT((0.,0.,0.));
#876=IFCDIRECTION((0.,0.,1.));
#877=IFCDIRECTION((1.,0.,0.));
#878=IFCAXIS2PLACEMENT3D(#875,#876,#877);
#879=IFCLOCALPLACEMENT($,#878);
#880=IFCRELSPACEBOUNDARY('3rxfN$78HFehahKk8PMOAW',$,$,$,#164,#856,$,.PHYSICAL.,.INTERNAL.);
#881=IFCWALL('0pUV5fjrH5WetKcQu29_L_',$,'Kitchen Wall S',$,$,#904,#899,$,$);
#885=IFCCARTESIANPOINT((5.9249999999999998,-0.074999999999999997));
#886=IFCCARTESIANPOINT((11.074999999999999,-0.074999999999999997));
#887=IFCCARTESIANPOINT((11.074999999999999,0.074999999999999997));
#888=IFCCARTESIANPOINT((5.9249999999999998,0.074999999999999997));
#889=IFCCARTESIANPOINT((5.9249999999999998,-0.074999999999999997));
#890=IFCPOLYLINE((#885,#886,#887,#888,#889));
#891=IFCARBITRARYCLOSEDPROFILEDEF(.AREA.,$,#890);
#892=IFCCARTESIANPOINT((0.,0.,0.));
#893=IFCDIRECTION((0.,0.,1.));
#894=IFCDIRECTION((1.,0.,0.));
#895=IFCAXIS2PLACEMENT3D(#892,#893,#894);
#896=IFCDIRECTION((0.,0.,1.));
#897=IFCEXTRUDEDAREASOLID(#891,#895,#896,3.);
#898=IFCSHAPEREPRESENTATION(#11,'Body','SweptSolid',(#897));
#899=IFCPRODUCTDEFINITIONSHAPE($,$,(#898));
#900=IFCCARTESIANPOINT((0.,0.,0.));
#901=IFCDIRECTION((0.,0.,1.));
#902=IFCDIRECTION((1.,0.,0.));
#903=IFCAXIS2PLACEMENT3D(#900,#901,#902);
#904=IFCLOCALPLACEMENT($,#903);
#905=IFCRELSPACEBOUNDARY('1_Q7NVykf4YfX_c2pHBDUY',$,$,$,#193,#881,$,.PHYSICAL.,.INTERNAL.);
#906=IFCWALL('1H$0eF6XzDww0tXtoC8o2t',$,'Kitchen Wall N',$,$,#929,#924,$,$);
#910=IFCCARTESIANPOINT((5.9249999999999998,4.9249999999999998));
#911=IFCCARTESIANPOINT((11.074999999999999,4.9249999999999998));
#912=IFCCARTESIANPOINT((11.074999999999999,5.0750000000000002));
#913=IFCCARTESIANPOINT((5.9249999999999998,5.0750000000000002));
#914=IFCCARTESIANPOINT((5.9249999999999998,4.9249999999999998));
#915=IFCPOLYLINE((#910,#911,#912,#913,#914));
#916=IFCARBITRARYCLOSEDPROFILEDEF(.AREA.,$,#915);
#917=IFCCARTESIANPOINT((0.,0.,0.));
#918=IFCDIRECTION((0.,0.,1.));
#919=IFCDIRECTION((1.,0.,0.));
#920=IFCAXIS2PLACEMENT3D(#917,#918,#919);
#921=IFCDIRECTION((0.,0.,1.));
#922=IFCEXTRUDEDAREASOLID(#916,#920,#921,3.);
#923=IFCSHAPEREPRESENTATION(#11,'Body','SweptSolid',(#922));
#924=IFCPRODUCTDEFINITIONSHAPE($,$,(#923));
#925=IFCCARTESIANPOINT((0.,0.,0.));
#926=IFCDIRECTION((0.,0.,1.));
#927=IFCDIRECTION((1.,0.,0.));
#928=IFCAXIS2PLACEMENT3D(#925,#926,#927);
#929=IFCLOCALPLACEMENT($,#928);
#930=IFCRELSPACEBOUNDARY('2W9vnIIDbDg83N0LF_WQiI',$,$,$,#193,#906,$,.PHYSICAL.,.INTERNAL.);
#931=IFCWALL('0wizucbiX0aPtsRNB1tgHX',$,'Kitchen Wall W',$,$,#954,#949,$,$);
#935=IFCCARTESIANPOINT((5.9249999999999998,-0.074999999999999997));
#936=IFCCARTESIANPOINT((6.0750000000000002,-0.074999999999999997));
#937=IFCCARTESIANPOINT((6.0750000000000002,5.0750000000000002));
#938=IFCCARTESIANPOINT((5.9249999999999998,5.0750000000000002));
#939=IFCCARTESIANPOINT((5.9249999999999998,-0.074999999999999997));
#940=IFCPOLYLINE((#935,#936,#937,#938,#939));
#941=IFCARBITRARYCLOSEDPROFILEDEF(.AREA.,$,#940);
#942=IFCCARTESIANPOINT((0.,0.,0.));
#943=IFCDIRECTION((0.,0.,1.));
#944=IFCDIRECTION((1.,0.,0.));
#945=IFCAXIS2PLACEMENT3D(#942,#943,#944);
#946=IFCDIRECTION((0.,0.,1.));
#947=IFCEXTRUDEDAREASOLID(#941,#945,#946,3.);
#948=IFCSHAPEREPRESENTATION(#11,'Body','SweptSolid',(#947));
#949=IFCPRODUCTDEFINITIONSHAPE($,$,(#948));
#950=IFCCARTESIANPOINT((0.,0.,0.));
#951=IFCDIRECTION((0.,0.,1.));
#952=IFCDIRECTION((1.,0.,0.));
#953=IFCAXIS2PLACEMENT3D(#950,#951,#952);
#954=IFCLOCALPLACEMENT($,#953);
#955=IFCRELSPACEBOUNDARY('3WBsUPAN937uPBGXEmXb3n',$,$,$,#193,#931,$,.PHYSICAL.,.INTERNAL.);
#956=IFCWALL('3M_CU4gKXBRQNOk7LEDZ_Y',$,'Kitchen Wall E',$,$,#979,#974,$,$);
#960=IFCCARTESIANPOINT((10.925000000000001,-0.074999999999999997));
#961=IFCCARTESIANPOINT((11.074999999999999,-0.074999999999999997));
#962=IFCCARTESIANPOINT((11.074999999999999,5.0750000000000002));
#963=IFCCARTESIANPOINT((10.925000000000001,5.0750000000000002));
#964=IFCCARTESIANPOINT((10.925000000000001,-0.074999999999999997));
#965=IFCPOLYLINE((#960,#961,#962,#963,#964));
#966=IFCARBITRARYCLOSEDPROFILEDEF(.AREA.,$,#965);
#967=IFCCARTESIANPOINT((0.,0.,0.));
#968=IFCDIRECTION((0.,0.,1.));
#969=IFCDIRECTION((1.,0.,0.));
#970=IFCAXIS2PLACEMENT3D(#967,#968,#969);
#971=IFCDIRECTION((0.,0.,1.));
#972=IFCEXTRUDEDAREASOLID(#966,#970,#971,3.);
#973=IFCSHAPEREPRESENTATION(#11,'Body','SweptSolid',(#972));
#974=IFCPRODUCTDEFINITIONSHAPE($,$,(#973));
#975=IFCCARTESIANPOINT((0.,0.,0.));
#976=IFCDIRECTION((0.,0.,1.));
#977=IFCDIRECTION((1.,0.,0.));
#978=IFCAXIS2PLACEMENT3D(#975,#976,#977);
#979=IFCLOCALPLACEMENT($,#978);
#980=IFCRELSPACEBOUNDARY('0wzAB_aDD3YOKzTflAEJ8k',$,$,$,#193,#956,$,.PHYSICAL.,.INTERNAL.);
#981=IFCWALL('2lHM5sxNHEv8L2sveqG1rf',$,'Restroom Wall S',$,$,#1004,#999,$,$);
#985=IFCCARTESIANPOINT((10.925000000000001,-0.074999999999999997));
#986=IFCCARTESIANPOINT((14.074999999999999,-0.074999999999999997));
#987=IFCCARTESIANPOINT((14.074999999999999,0.074999999999999997));
#988=IFCCARTESIANPOINT((10.925000000000001,0.074999999999999997));
#989=IFCCARTESIANPOINT((10.925000000000001,-0.074999999999999997));
#990=IFCPOLYLINE((#985,#986,#987,#988,#989));
#991=IFCARBITRARYCLOSEDPROFILEDEF(.AREA.,$,#990);
#992=IFCCARTESIANPOINT((0.,0.,0.));
#993=IFCDIRECTION((0.,0.,1.));
#994=IFCDIRECTION((1.,0.,0.));
#995=IFCAXIS2PLACEMENT3D(#992,#993,#994);
#996=IFCDIRECTION((0.,0.,1.));
#997=IFCEXTRUDEDAREASOLID(#991,#995,#996,3.);
#998=IFCSHAPEREPRESENTATION(#11,'Body','SweptSolid',(#997));
#999=IFCPRODUCTDEFINITIONSHAPE($,$,(#998));
#1000=IFCCARTESIANPOINT((0.,0.,0.));
#1001=IFCDIRECTION((0.,0.,1.));
#1002=IFCDIRECTION((1.,0.,0.));
#1003=IFCAXIS2PLACEMENT3D(#1000,#1001,#1002);
#1004=IFCLOCALPLACEMENT($,#1003);
#1005=IFCRELSPACEBOUNDARY('1Amy9pIQT7jBx8VpkKGLI6',$,$,$,#222,#981,$,.PHYSICAL.,.INTERNAL.);
#1006=IFCWALL('3Z$OFpOoHAne8xcwyN__9G',$,'Restroom Wall N',$,$,#1029,#1024,$,$);
#1010=IFCCARTESIANPOINT((10.925000000000001,3.9249999999999998));
#1011=IFCCARTESIANPOINT((14.074999999999999,3.9249999999999998));
#1012=IFCCARTESIANPOINT((14.074999999999999,4.0750000000000002));
#1013=IFCCARTESIANPOINT((10.925000000000001,4.0750000000000002));
#1014=IFCCARTESIANPOINT((10.925000000000001,3.9249999999999998));
#1015=IFCPOLYLINE((#1010,#1011,#1012,#1013,#1014));
#1016=IFCARBITRARYCLOSEDPROFILEDEF(.AREA.,$,#1015);
#1017=IFCCARTESIANPOINT((0.,0.,0.));
#1018=IFCDIRECTION((0.,0.,1.));
#1019=IFCDIRECTION((1.,0.,0.));
#1020=IFCAXIS2PLACEMENT3D(#1017,#1018,#1019);
#1021=IFCDIRECTION((0.,0.,1.));
#1022=IFCEXTRUDEDAREASOLID(#1016,#1020,#1021,3.);
#1023=IFCSHAPEREPRESENTATION(#11,'Body','SweptSolid',(#1022));
#1024=IFCPRODUCTDEFINITIONSHAPE($,$,(#1023));
#1025=IFCCARTESIANPOINT((0.,0.,0.));
#1026=IFCDIRECTION((0.,0.,1.));
#1027=IFCDIRECTION((1.,0.,0.));
#1028=IFCAXIS2PLACEMENT3D(#1025,#1026,#1027);
#1029=IFCLOCALPLACEMENT($,#1028);
#1030=IFCRELSPACEBOUNDARY('1G8cbJkgT6avAGAd9o9ZL5',$,$,$,#222,#1006,$,.PHYSICAL.,.INTERNAL.);
#1031=IFCWALL('1nVppURAD1SPagSxdFUIc4',$,'Restroom Wall W',$,$,#1054,#1049,$,$);
#1035=IFCCARTESIANPOINT((10.925000000000001,-0.074999999999999997));
#1036=IFCCARTESIANPOINT((11.074999999999999,-0.074999999999999997));
#1037=IFCCARTESIANPOINT((11.074999999999999,4.0750000000000002));
#1038=IFCCARTESIANPOINT((10.925000000000001,4.0750000000000002));
#1039=IFCCARTESIANPOINT((10.925000000000001,-0.074999999999999997));
#1040=IFCPOLYLINE((#1035,#1036,#1037,#1038,#1039));
#1041=IFCARBITRARYCLOSEDPROFILEDEF(.AREA.,$,#1040);
#1042=IFCCARTESIANPOINT((0.,0.,0.));
#1043=IFCDIRECTION((0.,0.,1.));
#1044=IFCDIRECTION((1.,0.,0.));
#1045=IFCAXIS2PLACEMENT3D(#1042,#1043,#1044);
#1046=IFCDIRECTION((0.,0.,1.));
#1047=IFCEXTRUDEDAREASOLID(#1041,#1045,#1046,3.);
#1048=IFCSHAPEREPRESENTATION(#11,'Body','SweptSolid',(#1047));
#1049=IFCPRODUCTDEFINITIONSHAPE($,$,(#1048));
#1050=IFCCARTESIANPOINT((0.,0.,0.));
#1051=IFCDIRECTION((0.,0.,1.));
#1052=IFCDIRECTION((1.,0.,0.));
#1053=IFCAXIS2PLACEMENT3D(#1050,#1051,#1052);
#1054=IFCLOCALPLACEMENT($,#1053);
#1055=IFCRELSPACEBOUNDARY('0abORf2PHFU8IYE1hDGyYp',$,$,$,#222,#1031,$,.PHYSICAL.,.INTERNAL.);
#1056=IFCWALL('0aFmGolCbEPhhGcwXjSdPf',$,'Restroom Wall E',$,$,#1079,#1074,$,$);
#1060=IFCCARTESIANPOINT((13.925000000000001,-0.074999999999999997));
#1061=IFCCARTESIANPOINT((14.074999999999999,-0.074999999999999997));
#1062=IFCCARTESIANPOINT((14.074999999999999,4.0750000000000002));
#1063=IFCCARTESIANPOINT((13.925000000000001,4.0750000000000002));
#1064=IFCCARTESIANPOINT((13.925000000000001,-0.074999999999999997));
#1065=IFCPOLYLINE((#1060,#1061,#1062,#1063,#1064));
#1066=IFCARBITRARYCLOSEDPROFILEDEF(.AREA.,$,#1065);
#1067=IFCCARTESIANPOINT((0.,0.,0.));
#1068=IFCDIRECTION((0.,0.,1.));
#1069=IFCDIRECTION((1.,0.,0.));
#1070=IFCAXIS2PLACEMENT3D(#1067,#1068,#1069);
#1071=IFCDIRECTION((0.,0.,1.));
#1072=IFCEXTRUDEDAREASOLID(#1066,#1070,#1071,3.);
#1073=IFCSHAPEREPRESENTATION(#11,'Body','SweptSolid',(#1072));
#1074=IFCPRODUCTDEFINITIONSHAPE($,$,(#1073));
#1075=IFCCARTESIANPOINT((0.,0.,0.));
#1076=IFCDIRECTION((0.,0.,1.));
#1077=IFCDIRECTION((1.,0.,0.));
#1078=IFCAXIS2PLACEMENT3D(#1075,#1076,#1077);
#1079=IFCLOCALPLACEMENT($,#1078);
#1080=IFCRELSPACEBOUNDARY('2jjj8OIt959f1frKQlDunV',$,$,$,#222,#1056,$,.PHYSICAL.,.INTERNAL.);
#1081=IFCWALL('1qPNFxFqz7FweoLAJCofBI',$,'Storage Wall S',$,$,#1104,#1099,$,$);
#1085=IFCCARTESIANPOINT((13.925000000000001,-0.074999999999999997));
#1086=IFCCARTESIANPOINT((18.074999999999999,-0.074999999999999997));
#1087=IFCCARTESIANPOINT((18.074999999999999,0.074999999999999997));
#1088=IFCCARTESIANPOINT((13.925000000000001,0.074999999999999997));
#1089=IFCCARTESIANPOINT((13.925000000000001,-0.074999999999999997));
#1090=IFCPOLYLINE((#1085,#1086,#1087,#1088,#1089));
#1091=IFCARBITRARYCLOSEDPROFILEDEF(.AREA.,$,#1090);
#1092=IFCCARTESIANPOINT((0.,0.,0.));
#1093=IFCDIRECTION((0.,0.,1.));
#1094=IFCDIRECTION((1.,0.,0.));
#1095=IFCAXIS2PLACEMENT3D(#1092,#1093,#1094);
#1096=IFCDIRECTION((0.,0.,1.));
#1097=IFCEXTRUDEDAREASOLID(#1091,#1095,#1096,3.);
#1098=IFCSHAPEREPRESENTATION(#11,'Body','SweptSolid',(#1097));
#1099=IFCPRODUCTDEFINITIONSHAPE($,$,(#1098));
#1100=IFCCARTESIANPOINT((0.,0.,0.));
#1101=IFCDIRECTION((0.,0.,1.));
#1102=IFCDIRECTION((1.,0.,0.));
#1103=IFCAXIS2PLACEMENT3D(#1100,#1101,#1102);
#1104=IFCLOCALPLACEMENT($,#1103);
#1105=IFCRELSPACEBOUNDARY('0wSJ4aPWr2f8sTKvaepDwB',$,$,$,#251,#1081,$,.PHYSICAL.,.INTERNAL.);
#1106=IFCWALL('2780CHfVn1YfERKiCuJZZY',$,'Storage Wall N',$,$,#1129,#1124,$,$);
#1110=IFCCARTESIANPOINT((13.925000000000001,3.9249999999999998));
#1111=IFCCARTESIANPOINT((18.074999999999999,3.9249999999999998));
#1112=IFCCARTESIANPOINT((18.074999999999999,4.0750000000000002));
#1113=IFCCARTESIANPOINT((13.925000000000001,4.0750000000000002));
#1114=IFCCARTESIANPOINT((13.925000000000001,3.9249999999999998));
#1115=IFCPOLYLINE((#1110,#1111,#1112,#1113,#1114));
#1116=IFCARBITRARYCLOSEDPROFILEDEF(.AREA.,$,#1115);
#1117=IFCCARTESIANPOINT((0.,0.,0.));
#1118=IFCDIRECTION((0.,0.,1.));
#1119=IFCDIRECTION((1.,0.,0.));
#1120=IFCAXIS2PLACEMENT3D(#1117,#1118,#1119);
#1121=IFCDIRECTION((0.,0.,1.));
#1122=IFCEXTRUDEDAREASOLID(#1116,#1120,#1121,3.);
#1123=IFCSHAPEREPRESENTATION(#11,'Body','SweptSolid',(#1122));
#1124=IFCPRODUCTDEFINITIONSHAPE($,$,(#1123));
#1125=IFCCARTESIANPOINT((0.,0.,0.));
#1126=IFCDIRECTION((0.,0.,1.));
#1127=IFCDIRECTION((1.,0.,0.));
#1128=IFCAXIS2PLACEMENT3D(#1125,#1126,#1127);
#1129=IFCLOCALPLACEMENT($,#1128);
#1130=IFCRELSPACEBOUNDARY('16029MuPv8pwegrMfy2glt',$,$,$,#251,#1106,$,.PHYSICAL.,.INTERNAL.);
#1131=IFCWALL('0MB_wZ1lrAagfktNvcNan6',$,'Storage Wall W',$,$,#1154,#1149,$,$);
#1135=IFCCARTESIANPOINT((13.925000000000001,-0.074999999999999997));
#1136=IFCCARTESIANPOINT((14.074999999999999,-0.074999999999999997));
#1137=IFCCARTESIANPOINT((14.074999999999999,4.0750000000000002));
#1138=IFCCARTESIANPOINT((13.925000000000001,4.0750000000000002));
#1139=IFCCARTESIANPOINT((13.925000000000001,-0.074999999999999997));
#1140=IFCPOLYLINE((#1135,#1136,#1137,#1138,#1139));
#1141=IFCARBITRARYCLOSEDPROFILEDEF(.AREA.,$,#1140);
#1142=IFCCARTESIANPOINT((0.,0.,0.));
#1143=IFCDIRECTION((0.,0.,1.));
#1144=IFCDIRECTION((1.,0.,0.));
#1145=IFCAXIS2PLACEMENT3D(#1142,#1143,#1144);
#1146=IFCDIRECTION((0.,0.,1.));
#1147=IFCEXTRUDEDAREASOLID(#1141,#1145,#1146,3.);
#1148=IFCSHAPEREPRESENTATION(#11,'Body','SweptSolid',(#1147));
#1149=IFCPRODUCTDEFINITIONSHAPE($,$,(#1148));
#1150=IFCCARTESIANPOINT((0.,0.,0.));
#1151=IFCDIRECTION((0.,0.,1.));
#1152=IFCDIRECTION((1.,0.,0.));
#1153=IFCAXIS2PLACEMENT3D(#1150,#1151,#1152);
#1154=IFCLOCALPLACEMENT($,#1153);
#1155=IFCRELSPACEBOUNDARY('2$lqFNS_r5Hh6h3wEAP1DU',$,$,$,#251,#1131,$,.PHYSICAL.,.INTERNAL.);
#1156=IFCWALL('0TJKzTj2HBi99x8be5USHE',$,'Storage Wall E',$,$,#1179,#1174,$,$);
#1160=IFCCARTESIANPOINT((17.925000000000001,-0.074999999999999997));
#1161=IFCCARTESIANPOINT((18.074999999999999,-0.074999999999999997));
#1162=IFCCARTESIANPOINT((18.074999999999999,4.0750000000000002));
#1163=IFCCARTESIANPOINT((17.925000000000001,4.0750000000000002));
#1164=IFCCARTESIANPOINT((17.925000000000001,-0.074999999999999997));
#1165=IFCPOLYLINE((#1160,#1161,#1162,#1163,#1164));
#1166=IFCARBITRARYCLOSEDPROFILEDEF(.AREA.,$,#1165);
#1167=IFCCARTESIANPOINT((0.,0.,0.));
#1168=IFCDIRECTION((0.,0.,1.));
#1169=IFCDIRECTION((1.,0.,0.));
#1170=IFCAXIS2PLACEMENT3D(#1167,#1168,#1169);
#1171=IFCDIRECTION((0.,0.,1.));
#1172=IFCEXTRUDEDAREASOLID(#1166,#1170,#1171,3.);
#1173=IFCSHAPEREPRESENTATION(#11,'Body','SweptSolid',(#1172));
#1174=IFCPRODUCTDEFINITIONSHAPE($,$,(#1173));
#1175=IFCCARTESIANPOINT((0.,0.,0.));
#1176=IFCDIRECTION((0.,0.,1.));
#1177=IFCDIRECTION((1.,0.,0.));
#1178=IFCAXIS2PLACEMENT3D(#1175,#1176,#1177);
#1179=IFCLOCALPLACEMENT($,#1178);
#1180=IFCRELSPACEBOUNDARY('1a2EmOM5T78AGsJb1SHbRr',$,$,$,#251,#1156,$,.PHYSICAL.,.INTERNAL.);
#1181=IFCDOOR('3yQhPp0w5CD9sw38s5ujEw',$,'Door - Office 1 to Corridor',$,$,#1204,#1199,$,2.1000000000000001,1.,$,$,$);
#1185=IFCCARTESIANPOINT((2.,7.4249999999999998));
#1186=IFCCARTESIANPOINT((3.,7.4249999999999998));
#1187=IFCCARTESIANPOINT((3.,7.5750000000000002));
#1188=IFCCARTESIANPOINT((2.,7.5750000000000002));
#1189=IFCCARTESIANPOINT((2.,7.4249999999999998));
#1190=IFCPOLYLINE((#1185,#1186,#1187,#1188,#1189));
#1191=IFCARBITRARYCLOSEDPROFILEDEF(.AREA.,$,#1190);
#1192=IFCCARTESIANPOINT((0.,0.,0.));
#1193=IFCDIRECTION((0.,0.,1.));
#1194=IFCDIRECTION((1.,0.,0.));
#1195=IFCAXIS2PLACEMENT3D(#1192,#1193,#1194);
#1196=IFCDIRECTION((0.,0.,1.));
#1197=IFCEXTRUDEDAREASOLID(#1191,#1195,#1196,2.1000000000000001);
#1198=IFCSHAPEREPRESENTATION(#11,'Body','SweptSolid',(#1197));
#1199=IFCPRODUCTDEFINITIONSHAPE($,$,(#1198));
#1200=IFCCARTESIANPOINT((0.,0.,0.));
#1201=IFCDIRECTION((0.,0.,1.));
#1202=IFCDIRECTION((1.,0.,0.));
#1203=IFCAXIS2PLACEMENT3D(#1200,#1201,#1202);
#1204=IFCLOCALPLACEMENT($,#1203);
#1205=IFCRELSPACEBOUNDARY('0o47TCKeL1veuOYRJAGZI5',$,$,$,#48,#1181,$,.PHYSICAL.,.INTERNAL.);
#1206=IFCRELSPACEBOUNDARY('1l0Ir7Jvf1TfaFE968Bwrn',$,$,$,#18,#1181,$,.PHYSICAL.,.INTERNAL.);
#1207=IFCDOOR('33_lgKe_b02ALX0J2uS1px',$,'Door - Office 2 to Corridor',$,$,#1230,#1225,$,2.1000000000000001,1.,$,$,$);
#1211=IFCCARTESIANPOINT((7.,7.4249999999999998));
#1212=IFCCARTESIANPOINT((8.,7.4249999999999998));
#1213=IFCCARTESIANPOINT((8.,7.5750000000000002));
#1214=IFCCARTESIANPOINT((7.,7.5750000000000002));
#1215=IFCCARTESIANPOINT((7.,7.4249999999999998));
#1216=IFCPOLYLINE((#1211,#1212,#1213,#1214,#1215));
#1217=IFCARBITRARYCLOSEDPROFILEDEF(.AREA.,$,#1216);
#1218=IFCCARTESIANPOINT((0.,0.,0.));
#1219=IFCDIRECTION((0.,0.,1.));
#1220=IFCDIRECTION((1.,0.,0.));
#1221=IFCAXIS2PLACEMENT3D(#1218,#1219,#1220);
#1222=IFCDIRECTION((0.,0.,1.));
#1223=IFCEXTRUDEDAREASOLID(#1217,#1221,#1222,2.1000000000000001);
#1224=IFCSHAPEREPRESENTATION(#11,'Body','SweptSolid',(#1223));
#1225=IFCPRODUCTDEFINITIONSHAPE($,$,(#1224));
#1226=IFCCARTESIANPOINT((0.,0.,0.));
#1227=IFCDIRECTION((0.,0.,1.));
#1228=IFCDIRECTION((1.,0.,0.));
#1229=IFCAXIS2PLACEMENT3D(#1226,#1227,#1228);
#1230=IFCLOCALPLACEMENT($,#1229);
#1231=IFCRELSPACEBOUNDARY('3NDdkN6aH1$h68ckXjH4Br',$,$,$,#77,#1207,$,.PHYSICAL.,.INTERNAL.);
#1232=IFCRELSPACEBOUNDARY('0qbxXD1ez06B6ISnrkh1Sv',$,$,$,#18,#1207,$,.PHYSICAL.,.INTERNAL.);
#1233=IFCDOOR('3iANqzgNPFzg5v202Mq0Ix',$,'Door - Office 3 to Corridor',$,$,#1256,#1251,$,2.1000000000000001,1.,$,$,$);
#1237=IFCCARTESIANPOINT((11.5,7.4249999999999998));
#1238=IFCCARTESIANPOINT((12.5,7.4249999999999998));
#1239=IFCCARTESIANPOINT((12.5,7.5750000000000002));
#1240=IFCCARTESIANPOINT((11.5,7.5750000000000002));
#1241=IFCCARTESIANPOINT((11.5,7.4249999999999998));
#1242=IFCPOLYLINE((#1237,#1238,#1239,#1240,#1241));
#1243=IFCARBITRARYCLOSEDPROFILEDEF(.AREA.,$,#1242);
#1244=IFCCARTESIANPOINT((0.,0.,0.));
#1245=IFCDIRECTION((0.,0.,1.));
#1246=IFCDIRECTION((1.,0.,0.));
#1247=IFCAXIS2PLACEMENT3D(#1244,#1245,#1246);
#1248=IFCDIRECTION((0.,0.,1.));
#1249=IFCEXTRUDEDAREASOLID(#1243,#1247,#1248,2.1000000000000001);
#1250=IFCSHAPEREPRESENTATION(#11,'Body','SweptSolid',(#1249));
#1251=IFCPRODUCTDEFINITIONSHAPE($,$,(#1250));
#1252=IFCCARTESIANPOINT((0.,0.,0.));
#1253=IFCDIRECTION((0.,0.,1.));
#1254=IFCDIRECTION((1.,0.,0.));
#1255=IFCAXIS2PLACEMENT3D(#1252,#1253,#1254);
#1256=IFCLOCALPLACEMENT($,#1255);
#1257=IFCRELSPACEBOUNDARY('1ANHeVTWrFVxNQzjhVBofZ',$,$,$,#106,#1233,$,.PHYSICAL.,.INTERNAL.);
#1258=IFCRELSPACEBOUNDARY('2H_Mlm7tj4VgOFNCc6N37$',$,$,$,#18,#1233,$,.PHYSICAL.,.INTERNAL.);
#1259=IFCDOOR('2Mz$GSh1j7R8bisnYsPGFt',$,'Door - Seminar Room to Corridor',$,$,#1282,#1277,$,2.1000000000000001,1.,$,$,$);
#1263=IFCCARTESIANPOINT((17.,7.4249999999999998));
#1264=IFCCARTESIANPOINT((18.,7.4249999999999998));
#1265=IFCCARTESIANPOINT((18.,7.5750000000000002));
#1266=IFCCARTESIANPOINT((17.,7.5750000000000002));
#1267=IFCCARTESIANPOINT((17.,7.4249999999999998));
#1268=IFCPOLYLINE((#1263,#1264,#1265,#1266,#1267));
#1269=IFCARBITRARYCLOSEDPROFILEDEF(.AREA.,$,#1268);
#1270=IFCCARTESIANPOINT((0.,0.,0.));
#1271=IFCDIRECTION((0.,0.,1.));
#1272=IFCDIRECTION((1.,0.,0.));
#1273=IFCAXIS2PLACEMENT3D(#1270,#1271,#1272);
#1274=IFCDIRECTION((0.,0.,1.));
#1275=IFCEXTRUDEDAREASOLID(#1269,#1273,#1274,2.1000000000000001);
#1276=IFCSHAPEREPRESENTATION(#11,'Body','SweptSolid',(#1275));
#1277=IFCPRODUCTDEFINITIONSHAPE($,$,(#1276));
#1278=IFCCARTESIANPOINT((0.,0.,0.));
#1279=IFCDIRECTION((0.,0.,1.));
#1280=IFCDIRECTION((1.,0.,0.));
#1281=IFCAXIS2PLACEMENT3D(#1278,#1279,#1280);
#1282=IFCLOCALPLACEMENT($,#1281);
#1283=IFCRELSPACEBOUNDARY('0puXV7Ygv8$u2OWhleXqpZ',$,$,$,#135,#1259,$,.PHYSICAL.,.INTERNAL.);
#1284=IFCRELSPACEBOUNDARY('3QLGtoOjD4YODiymROSx5M',$,$,$,#18,#1259,$,.PHYSICAL.,.INTERNAL.);
#1285=IFCDOOR('19fEmAidb96xrIMrDpQuKu',$,'Door - Reception to Corridor',$,$,#1308,#1303,$,2.1000000000000001,1.,$,$,$);
#1289=IFCCARTESIANPOINT((2.5,4.9249999999999998));
#1290=IFCCARTESIANPOINT((3.5,4.9249999999999998));
#1291=IFCCARTESIANPOINT((3.5,5.0750000000000002));
#1292=IFCCARTESIANPOINT((2.5,5.0750000000000002));
#1293=IFCCARTESIANPOINT((2.5,4.9249999999999998));
#1294=IFCPOLYLINE((#1289,#1290,#1291,#1292,#1293));
#1295=IFCARBITRARYCLOSEDPROFILEDEF(.AREA.,$,#1294);
#1296=IFCCARTESIANPOINT((0.,0.,0.));
#1297=IFCDIRECTION((0.,0.,1.));
#1298=IFCDIRECTION((1.,0.,0.));
#1299=IFCAXIS2PLACEMENT3D(#1296,#1297,#1298);
#1300=IFCDIRECTION((0.,0.,1.));
#1301=IFCEXTRUDEDAREASOLID(#1295,#1299,#1300,2.1000000000000001);
#1302=IFCSHAPEREPRESENTATION(#11,'Body','SweptSolid',(#1301));
#1303=IFCPRODUCTDEFINITIONSHAPE($,$,(#1302));
#1304=IFCCARTESIANPOINT((0.,0.,0.));
#1305=IFCDIRECTION((0.,0.,1.));
#1306=IFCDIRECTION((1.,0.,0.));
#1307=IFCAXIS2PLACEMENT3D(#1304,#1305,#1306);
#1308=IFCLOCALPLACEMENT($,#1307);
#1309=IFCRELSPACEBOUNDARY('3V_ovUFRj3TQ$u$x5lzeJO',$,$,$,#164,#1285,$,.PHYSICAL.,.INTERNAL.);
#1310=IFCRELSPACEBOUNDARY('24Gs0uAMXBfAjzO1B7yeur',$,$,$,#18,#1285,$,.PHYSICAL.,.INTERNAL.);
#1311=IFCDOOR('2DDNH$DRL3XwE$6TQVoIv6',$,'Door - Kitchen to Corridor',$,$,#1334,#1329,$,2.1000000000000001,1.,$,$,$);
#1315=IFCCARTESIANPOINT((8.,4.9249999999999998));
#1316=IFCCARTESIANPOINT((9.,4.9249999999999998));
#1317=IFCCARTESIANPOINT((9.,5.0750000000000002));
#1318=IFCCARTESIANPOINT((8.,5.0750000000000002));
#1319=IFCCARTESIANPOINT((8.,4.9249999999999998));
#1320=IFCPOLYLINE((#1315,#1316,#1317,#1318,#1319));
#1321=IFCARBITRARYCLOSEDPROFILEDEF(.AREA.,$,#1320);
#1322=IFCCARTESIANPOINT((0.,0.,0.));
#1323=IFCDIRECTION((0.,0.,1.));
#1324=IFCDIRECTION((1.,0.,0.));
#1325=IFCAXIS2PLACEMENT3D(#1322,#1323,#1324);
#1326=IFCDIRECTION((0.,0.,1.));
#1327=IFCEXTRUDEDAREASOLID(#1321,#1325,#1326,2.1000000000000001);
#1328=IFCSHAPEREPRESENTATION(#11,'Body','SweptSolid',(#1327));
#1329=IFCPRODUCTDEFINITIONSHAPE($,$,(#1328));
#1330=IFCCARTESIANPOINT((0.,0.,0.));
#1331=IFCDIRECTION((0.,0.,1.));
#1332=IFCDIRECTION((1.,0.,0.));
#1333=IFCAXIS2PLACEMENT3D(#1330,#1331,#1332);
#1334=IFCLOCALPLACEMENT($,#1333);
#1335=IFCRELSPACEBOUNDARY('0eQU7NYfP84OKiX_zOGrRh',$,$,$,#193,#1311,$,.PHYSICAL.,.INTERNAL.);
#1336=IFCRELSPACEBOUNDARY('2uh1TAQtnBHAdWnED8S_dt',$,$,$,#18,#1311,$,.PHYSICAL.,.INTERNAL.);
#1337=IFCDOOR('1JkiI1gMz4yel_HsNG3aYJ',$,'Door - Restroom to Corridor',$,$,#1360,#1355,$,2.1000000000000001,1.,$,$,$);
#1341=IFCCARTESIANPOINT((12.,3.9249999999999998));
#1342=IFCCARTESIANPOINT((13.,3.9249999999999998));
#1343=IFCCARTESIANPOINT((13.,4.0750000000000002));
#1344=IFCCARTESIANPOINT((12.,4.0750000000000002));
#1345=IFCCARTESIANPOINT((12.,3.9249999999999998));
#1346=IFCPOLYLINE((#1341,#1342,#1343,#1344,#1345));
#1347=IFCARBITRARYCLOSEDPROFILEDEF(.AREA.,$,#1346);
#1348=IFCCARTESIANPOINT((0.,0.,0.));
#1349=IFCDIRECTION((0.,0.,1.));
#1350=IFCDIRECTION((1.,0.,0.));
#1351=IFCAXIS2PLACEMENT3D(#1348,#1349,#1350);
#1352=IFCDIRECTION((0.,0.,1.));
#1353=IFCEXTRUDEDAREASOLID(#1347,#1351,#1352,2.1000000000000001);
#1354=IFCSHAPEREPRESENTATION(#11,'Body','SweptSolid',(#1353));
#1355=IFCPRODUCTDEFINITIONSHAPE($,$,(#1354));
#1356=IFCCARTESIANPOINT((0.,0.,0.));
#1357=IFCDIRECTION((0.,0.,1.));
#1358=IFCDIRECTION((1.,0.,0.));
#1359=IFCAXIS2PLACEMENT3D(#1356,#1357,#1358);
#1360=IFCLOCALPLACEMENT($,#1359);
#1361=IFCRELSPACEBOUNDARY('1Xj6inr1LEChRXK3fSYImC',$,$,$,#222,#1337,$,.PHYSICAL.,.INTERNAL.);
#1362=IFCRELSPACEBOUNDARY('1T$tK_luzCavdWdww3YlCQ',$,$,$,#18,#1337,$,.PHYSICAL.,.INTERNAL.);
#1363=IFCDOOR('3eYHWJnWH3xuWgqxX4gPN6',$,'Door - Storage to Corridor',$,$,#1386,#1381,$,2.1000000000000001,1.,$,$,$);
#1367=IFCCARTESIANPOINT((15.5,3.9249999999999998));
#1368=IFCCARTESIANPOINT((16.5,3.9249999999999998));
#1369=IFCCARTESIANPOINT((16.5,4.0750000000000002));
#1370=IFCCARTESIANPOINT((15.5,4.0750000000000002));
#1371=IFCCARTESIANPOINT((15.5,3.9249999999999998));
#1372=IFCPOLYLINE((#1367,#1368,#1369,#1370,#1371));
#1373=IFCARBITRARYCLOSEDPROFILEDEF(.AREA.,$,#1372);
#1374=IFCCARTESIANPOINT((0.,0.,0.));
#1375=IFCDIRECTION((0.,0.,1.));
#1376=IFCDIRECTION((1.,0.,0.));
#1377=IFCAXIS2PLACEMENT3D(#1374,#1375,#1376);
#1378=IFCDIRECTION((0.,0.,1.));
#1379=IFCEXTRUDEDAREASOLID(#1373,#1377,#1378,2.1000000000000001);
#1380=IFCSHAPEREPRESENTATION(#11,'Body','SweptSolid',(#1379));
#1381=IFCPRODUCTDEFINITIONSHAPE($,$,(#1380));
#1382=IFCCARTESIANPOINT((0.,0.,0.));
#1383=IFCDIRECTION((0.,0.,1.));
#1384=IFCDIRECTION((1.,0.,0.));
#1385=IFCAXIS2PLACEMENT3D(#1382,#1383,#1384);
#1386=IFCLOCALPLACEMENT($,#1385);
#1387=IFCRELSPACEBOUNDARY('131dwUyXDFTxdizDC2UH63',$,$,$,#251,#1363,$,.PHYSICAL.,.INTERNAL.);
#1388=IFCRELSPACEBOUNDARY('0XpSsezzrF4QHSmSjNOiww',$,$,$,#18,#1363,$,.PHYSICAL.,.INTERNAL.);
#1389=IFCDOOR('0BUEpSQID4qxAaBmZoI8X9',$,'Main Entrance Door',$,$,#1412,#1407,$,2.1000000000000001,1.,$,$,$);
#1393=IFCCARTESIANPOINT((2.5,-0.074999999999999997));
#1394=IFCCARTESIANPOINT((3.5,-0.074999999999999997));
#1395=IFCCARTESIANPOINT((3.5,0.074999999999999997));
#1396=IFCCARTESIANPOINT((2.5,0.074999999999999997));
#1397=IFCCARTESIANPOINT((2.5,-0.074999999999999997));
#1398=IFCPOLYLINE((#1393,#1394,#1395,#1396,#1397));
#1399=IFCARBITRARYCLOSEDPROFILEDEF(.AREA.,$,#1398);
#1400=IFCCARTESIANPOINT((0.,0.,0.));
#1401=IFCDIRECTION((0.,0.,1.));
#1402=IFCDIRECTION((1.,0.,0.));
#1403=IFCAXIS2PLACEMENT3D(#1400,#1401,#1402);
#1404=IFCDIRECTION((0.,0.,1.));
#1405=IFCEXTRUDEDAREASOLID(#1399,#1403,#1404,2.1000000000000001);
#1406=IFCSHAPEREPRESENTATION(#11,'Body','SweptSolid',(#1405));
#1407=IFCPRODUCTDEFINITIONSHAPE($,$,(#1406));
#1408=IFCCARTESIANPOINT((0.,0.,0.));
#1409=IFCDIRECTION((0.,0.,1.));
#1410=IFCDIRECTION((1.,0.,0.));
#1411=IFCAXIS2PLACEMENT3D(#1408,#1409,#1410);
#1412=IFCLOCALPLACEMENT($,#1411);
#1413=IFCRELSPACEBOUNDARY('3YU9v7qFn7ahIbOq6o0ont',$,$,$,#164,#1389,$,.PHYSICAL.,.INTERNAL.);
#1414=IFCFURNITURE('12HGj5kmX3zOIaIjg1lgwQ',$,'Office1 Desk A',$,$,#1438,#1432,$,.DESK.);
#1418=IFCCARTESIANPOINT((0.40000000000000002,7.9000000000000004));
#1419=IFCCARTESIANPOINT((1.6000000000000001,7.9000000000000004));
#1420=IFCCARTESIANPOINT((1.6000000000000001,8.5));
#1421=IFCCARTESIANPOINT((0.40000000000000002,8.5));
#1422=IFCCARTESIANPOINT((0.40000000000000002,7.9000000000000004));
#1423=IFCPOLYLINE((#1418,#1419,#1420,#1421,#1422));
#1424=IFCARBITRARYCLOSEDPROFILEDEF(.AREA.,$,#1423);
#1425=IFCCARTESIANPOINT((0.,0.,0.));
#1426=IFCDIRECTION((0.,0.,1.));
#1427=IFCDIRECTION((1.,0.,0.));
#1428=IFCAXIS2PLACEMENT3D(#1425,#1426,#1427);
#1429=IFCDIRECTION((0.,0.,1.));
#1430=IFCEXTRUDEDAREASOLID(#1424,#1428,#1429,0.75);
#1431=IFCSHAPEREPRESENTATION(#11,'Body','SweptSolid',(#1430));
#1432=IFCPRODUCTDEFINITIONSHAPE($,$,(#1431));
#1433=IFCRELCONTAINEDINSPATIALSTRUCTURE('01kJ8RpdP1LQeoxaVoRbNr',$,$,$,(#1439,#1559,#1511,#1463,#1414,#1535,#1487),#48);
#1434=IFCCARTESIANPOINT((0.,0.,0.));
#1435=IFCDIRECTION((0.,0.,1.));
#1436=IFCDIRECTION((1.,0.,0.));
#1437=IFCAXIS2PLACEMENT3D(#1434,#1435,#1436);
#1438=IFCLOCALPLACEMENT(#71,#1437);
#1439=IFCFURNITURE('1kfnZmBH58SvbQXlPQgRey',$,'Office1 Chair A',$,$,#1462,#1457,$,.CHAIR.);
#1443=IFCCARTESIANPOINT((1.8999999999999999,7.9000000000000004));
#1444=IFCCARTESIANPOINT((2.3999999999999999,7.9000000000000004));
#1445=IFCCARTESIANPOINT((2.3999999999999999,8.4000000000000004));
#1446=IFCCARTESIANPOINT((1.8999999999999999,8.4000000000000004));
#1447=IFCCARTESIANPOINT((1.8999999999999999,7.9000000000000004));
#1448=IFCPOLYLINE((#1443,#1444,#1445,#1446,#1447));
#1449=IFCARBITRARYCLOSEDPROFILEDEF(.AREA.,$,#1448);
#1450=IFCCARTESIANPOINT((0.,0.,0.));
#1451=IFCDIRECTION((0.,0.,1.));
#1452=IFCDIRECTION((1.,0.,0.));
#1453=IFCAXIS2PLACEMENT3D(#1450,#1451,#1452);
#1454=IFCDIRECTION((0.,0.,1.));
#1455=IFCEXTRUDEDAREASOLID(#1449,#1453,#1454,0.90000000000000002);
#1456=IFCSHAPEREPRESENTATION(#11,'Body','SweptSolid',(#1455));
#1457=IFCPRODUCTDEFINITIONSHAPE($,$,(#1456));
#1458=IFCCARTESIANPOINT((0.,0.,0.));
#1459=IFCDIRECTION((0.,0.,1.));
#1460=IFCDIRECTION((1.,0.,0.));
#1461=IFCAXIS2PLACEMENT3D(#1458,#1459,#1460);
#1462=IFCLOCALPLACEMENT(#71,#1461);
#1463=IFCFURNITURE('3EVAWzaE5DMOXIl6TF4wTY',$,'Office1 Desk B',$,$,#1486,#1481,$,.DESK.);
#1467=IFCCARTESIANPOINT((2.7000000000000002,7.9000000000000004));
#1468=IFCCARTESIANPOINT((3.9000000000000004,7.9000000000000004));
#1469=IFCCARTESIANPOINT((3.9000000000000004,8.5));
#1470=IFCCARTESIANPOINT((2.7000000000000002,8.5));
#1471=IFCCARTESIANPOINT((2.7000000000000002,7.9000000000000004));
#1472=IFCPOLYLINE((#1467,#1468,#1469,#1470,#1471));
#1473=IFCARBITRARYCLOSEDPROFILEDEF(.AREA.,$,#1472);
#1474=IFCCARTESIANPOINT((0.,0.,0.));
#1475=IFCDIRECTION((0.,0.,1.));
#1476=IFCDIRECTION((1.,0.,0.));
#1477=IFCAXIS2PLACEMENT3D(#1474,#1475,#1476);
#1478=IFCDIRECTION((0.,0.,1.));
#1479=IFCEXTRUDEDAREASOLID(#1473,#1477,#1478,0.75);
#1480=IFCSHAPEREPRESENTATION(#11,'Body','SweptSolid',(#1479));
#1481=IFCPRODUCTDEFINITIONSHAPE($,$,(#1480));
#1482=IFCCARTESIANPOINT((0.,0.,0.));
#1483=IFCDIRECTION((0.,0.,1.));
#1484=IFCDIRECTION((1.,0.,0.));
#1485=IFCAXIS2PLACEMENT3D(#1482,#1483,#1484);
#1486=IFCLOCALPLACEMENT(#71,#1485);
#1487=IFCFURNITURE('2Mv8wzoMD1fu0h08ATs$gq',$,'Office1 Chair B',$,$,#1510,#1505,$,.CHAIR.);
#1491=IFCCARTESIANPOINT((0.40000000000000002,8.8000000000000007));
#1492=IFCCARTESIANPOINT((0.90000000000000002,8.8000000000000007));
#1493=IFCCARTESIANPOINT((0.90000000000000002,9.3000000000000007));
#1494=IFCCARTESIANPOINT((0.40000000000000002,9.3000000000000007));
#1495=IFCCARTESIANPOINT((0.40000000000000002,8.8000000000000007));
#1496=IFCPOLYLINE((#1491,#1492,#1493,#1494,#1495));
#1497=IFCARBITRARYCLOSEDPROFILEDEF(.AREA.,$,#1496);
#1498=IFCCARTESIANPOINT((0.,0.,0.));
#1499=IFCDIRECTION((0.,0.,1.));
#1500=IFCDIRECTION((1.,0.,0.));
#1501=IFCAXIS2PLACEMENT3D(#1498,#1499,#1500);
#1502=IFCDIRECTION((0.,0.,1.));
#1503=IFCEXTRUDEDAREASOLID(#1497,#1501,#1502,0.90000000000000002);
#1504=IFCSHAPEREPRESENTATION(#11,'Body','SweptSolid',(#1503));
#1505=IFCPRODUCTDEFINITIONSHAPE($,$,(#1504));
#1506=IFCCARTESIANPOINT((0.,0.,0.));
#1507=IFCDIRECTION((0.,0.,1.));
#1508=IFCDIRECTION((1.,0.,0.));
#1509=IFCAXIS2PLACEMENT3D(#1506,#1507,#1508);
#1510=IFCLOCALPLACEMENT(#71,#1509);
#1511=IFCFURNITURE('0i8_Jy345FovJtKm6D_YNH',$,'Office1 Filing Cabinet',$,$,#1534,#1529,$,$);
#1515=IFCCARTESIANPOINT((1.2000000000000002,8.8000000000000007));
#1516=IFCCARTESIANPOINT((1.7000000000000002,8.8000000000000007));
#1517=IFCCARTESIANPOINT((1.7000000000000002,9.2000000000000011));
#1518=IFCCARTESIANPOINT((1.2000000000000002,9.2000000000000011));
#1519=IFCCARTESIANPOINT((1.2000000000000002,8.8000000000000007));
#1520=IFCPOLYLINE((#1515,#1516,#1517,#1518,#1519));
#1521=IFCARBITRARYCLOSEDPROFILEDEF(.AREA.,$,#1520);
#1522=IFCCARTESIANPOINT((0.,0.,0.));
#1523=IFCDIRECTION((0.,0.,1.));
#1524=IFCDIRECTION((1.,0.,0.));
#1525=IFCAXIS2PLACEMENT3D(#1522,#1523,#1524);
#1526=IFCDIRECTION((0.,0.,1.));
#1527=IFCEXTRUDEDAREASOLID(#1521,#1525,#1526,1.2);
#1528=IFCSHAPEREPRESENTATION(#11,'Body','SweptSolid',(#1527));
#1529=IFCPRODUCTDEFINITIONSHAPE($,$,(#1528));
#1530=IFCCARTESIANPOINT((0.,0.,0.));
#1531=IFCDIRECTION((0.,0.,1.));
#1532=IFCDIRECTION((1.,0.,0.));
#1533=IFCAXIS2PLACEMENT3D(#1530,#1531,#1532);
#1534=IFCLOCALPLACEMENT(#71,#1533);
#1535=IFCBUILDINGELEMENTPROXY('3xFBmORGTFf89M1hsccIM5',$,'Office1 Monitor A',$,$,#1558,#1553,$,$);
#1539=IFCCARTESIANPOINT((0.40000000000000002,7.9000000000000004));
#1540=IFCCARTESIANPOINT((0.90000000000000002,7.9000000000000004));
#1541=IFCCARTESIANPOINT((0.90000000000000002,8.0500000000000007));
#1542=IFCCARTESIANPOINT((0.40000000000000002,8.0500000000000007));
#1543=IFCCARTESIANPOINT((0.40000000000000002,7.9000000000000004));
#1544=IFCPOLYLINE((#1539,#1540,#1541,#1542,#1543));
#1545=IFCARBITRARYCLOSEDPROFILEDEF(.AREA.,$,#1544);
#1546=IFCCARTESIANPOINT((0.,0.,0.75));
#1547=IFCDIRECTION((0.,0.,1.));
#1548=IFCDIRECTION((1.,0.,0.));
#1549=IFCAXIS2PLACEMENT3D(#1546,#1547,#1548);
#1550=IFCDIRECTION((0.,0.,1.));
#1551=IFCEXTRUDEDAREASOLID(#1545,#1549,#1550,0.40000000000000002);
#1552=IFCSHAPEREPRESENTATION(#11,'Body','SweptSolid',(#1551));
#1553=IFCPRODUCTDEFINITIONSHAPE($,$,(#1552));
#1554=IFCCARTESIANPOINT((0.,0.,0.));
#1555=IFCDIRECTION((0.,0.,1.));
#1556=IFCDIRECTION((1.,0.,0.));
#1557=IFCAXIS2PLACEMENT3D(#1554,#1555,#1556);
#1558=IFCLOCALPLACEMENT(#71,#1557);
#1559=IFCBUILDINGELEMENTPROXY('1QSjTs33P7jO_o8Mm$haFE',$,'Office1 Monitor B',$,$,#1582,#1577,$,$);
#1563=IFCCARTESIANPOINT((2.7000000000000002,7.9000000000000004));
#1564=IFCCARTESIANPOINT((3.2000000000000002,7.9000000000000004));
#1565=IFCCARTESIANPOINT((3.2000000000000002,8.0500000000000007));
#1566=IFCCARTESIANPOINT((2.7000000000000002,8.0500000000000007));
#1567=IFCCARTESIANPOINT((2.7000000000000002,7.9000000000000004));
#1568=IFCPOLYLINE((#1563,#1564,#1565,#1566,#1567));
#1569=IFCARBITRARYCLOSEDPROFILEDEF(.AREA.,$,#1568);
#1570=IFCCARTESIANPOINT((0.,0.,0.75));
#1571=IFCDIRECTION((0.,0.,1.));
#1572=IFCDIRECTION((1.,0.,0.));
#1573=IFCAXIS2PLACEMENT3D(#1570,#1571,#1572);
#1574=IFCDIRECTION((0.,0.,1.));
#1575=IFCEXTRUDEDAREASOLID(#1569,#1573,#1574,0.40000000000000002);
#1576=IFCSHAPEREPRESENTATION(#11,'Body','SweptSolid',(#1575));
#1577=IFCPRODUCTDEFINITIONSHAPE($,$,(#1576));
#1578=IFCCARTESIANPOINT((0.,0.,0.));
#1579=IFCDIRECTION((0.,0.,1.));
#1580=IFCDIRECTION((1.,0.,0.));
#1581=IFCAXIS2PLACEMENT3D(#1578,#1579,#1580);
#1582=IFCLOCALPLACEMENT(#71,#1581);
#1583=IFCFURNITURE('0KHAa1Cnb5N8tWXqCFPnxR',$,'Office2 Desk A',$,$,#1607,#1601,$,.DESK.);
#1587=IFCCARTESIANPOINT((5.4000000000000004,7.9000000000000004));
#1588=IFCCARTESIANPOINT((6.6000000000000005,7.9000000000000004));
#1589=IFCCARTESIANPOINT((6.6000000000000005,8.5));
#1590=IFCCARTESIANPOINT((5.4000000000000004,8.5));
#1591=IFCCARTESIANPOINT((5.4000000000000004,7.9000000000000004));
#1592=IFCPOLYLINE((#1587,#1588,#1589,#1590,#1591));
#1593=IFCARBITRARYCLOSEDPROFILEDEF(.AREA.,$,#1592);
#1594=IFCCARTESIANPOINT((0.,0.,0.));
#1595=IFCDIRECTION((0.,0.,1.));
#1596=IFCDIRECTION((1.,0.,0.));
#1597=IFCAXIS2PLACEMENT3D(#1594,#1595,#1596);
#1598=IFCDIRECTION((0.,0.,1.));
#1599=IFCEXTRUDEDAREASOLID(#1593,#1597,#1598,0.75);
#1600=IFCSHAPEREPRESENTATION(#11,'Body','SweptSolid',(#1599));
#1601=IFCPRODUCTDEFINITIONSHAPE($,$,(#1600));
#1602=IFCRELCONTAINEDINSPATIALSTRUCTURE('3RsZ6Jj$D1MvXoZWQiibDX',$,$,$,(#1632,#1608,#1752,#1704,#1656,#1583,#1728,#1680),#77);
#1603=IFCCARTESIANPOINT((0.,0.,0.));
#1604=IFCDIRECTION((0.,0.,1.));
#1605=IFCDIRECTION((1.,0.,0.));
#1606=IFCAXIS2PLACEMENT3D(#1603,#1604,#1605);
#1607=IFCLOCALPLACEMENT(#100,#1606);
#1608=IFCFURNITURE('1tgUmLTpvBUh9ty1lDNSWm',$,'Office2 Chair A',$,$,#1631,#1626,$,.CHAIR.);
#1612=IFCCARTESIANPOINT((6.9000000000000004,7.9000000000000004));
#1613=IFCCARTESIANPOINT((7.4000000000000004,7.9000000000000004));
#1614=IFCCARTESIANPOINT((7.4000000000000004,8.4000000000000004));
#1615=IFCCARTESIANPOINT((6.9000000000000004,8.4000000000000004));
#1616=IFCCARTESIANPOINT((6.9000000000000004,7.9000000000000004));
#1617=IFCPOLYLINE((#1612,#1613,#1614,#1615,#1616));
#1618=IFCARBITRARYCLOSEDPROFILEDEF(.AREA.,$,#1617);
#1619=IFCCARTESIANPOINT((0.,0.,0.));
#1620=IFCDIRECTION((0.,0.,1.));
#1621=IFCDIRECTION((1.,0.,0.));
#1622=IFCAXIS2PLACEMENT3D(#1619,#1620,#1621);
#1623=IFCDIRECTION((0.,0.,1.));
#1624=IFCEXTRUDEDAREASOLID(#1618,#1622,#1623,0.90000000000000002);
#1625=IFCSHAPEREPRESENTATION(#11,'Body','SweptSolid',(#1624));
#1626=IFCPRODUCTDEFINITIONSHAPE($,$,(#1625));
#1627=IFCCARTESIANPOINT((0.,0.,0.));
#1628=IFCDIRECTION((0.,0.,1.));
#1629=IFCDIRECTION((1.,0.,0.));
#1630=IFCAXIS2PLACEMENT3D(#1627,#1628,#1629);
#1631=IFCLOCALPLACEMENT(#100,#1630);
#1632=IFCFURNITURE('3peWyZvsb41OJU3URSPeCL',$,'Office2 Desk B',$,$,#1655,#1650,$,.DESK.);
#1636=IFCCARTESIANPOINT((7.7000000000000002,7.9000000000000004));
#1637=IFCCARTESIANPOINT((8.9000000000000004,7.9000000000000004));
#1638=IFCCARTESIANPOINT((8.9000000000000004,8.5));
#1639=IFCCARTESIANPOINT((7.7000000000000002,8.5));
#1640=IFCCARTESIANPOINT((7.7000000000000002,7.9000000000000004));
#1641=IFCPOLYLINE((#1636,#1637,#1638,#1639,#1640));
#1642=IFCARBITRARYCLOSEDPROFILEDEF(.AREA.,$,#1641);
#1643=IFCCARTESIANPOINT((0.,0.,0.));
#1644=IFCDIRECTION((0.,0.,1.));
#1645=IFCDIRECTION((1.,0.,0.));
#1646=IFCAXIS2PLACEMENT3D(#1643,#1644,#1645);
#1647=IFCDIRECTION((0.,0.,1.));
#1648=IFCEXTRUDEDAREASOLID(#1642,#1646,#1647,0.75);
#1649=IFCSHAPEREPRESENTATION(#11,'Body','SweptSolid',(#1648));
#1650=IFCPRODUCTDEFINITIONSHAPE($,$,(#1649));
#1651=IFCCARTESIANPOINT((0.,0.,0.));
#1652=IFCDIRECTION((0.,0.,1.));
#1653=IFCDIRECTION((1.,0.,0.));
#1654=IFCAXIS2PLACEMENT3D(#1651,#1652,#1653);
#1655=IFCLOCALPLACEMENT(#100,#1654);
#1656=IFCFURNITURE('1ao8XE3J176A1kA1nsTL6A',$,'Office2 Chair B',$,$,#1679,#1674,$,.CHAIR.);
#1660=IFCCARTESIANPOINT((5.4000000000000004,8.8000000000000007));
#1661=IFCCARTESIANPOINT((5.9000000000000004,8.8000000000000007));
#1662=IFCCARTESIANPOINT((5.9000000000000004,9.3000000000000007));
#1663=IFCCARTESIANPOINT((5.4000000000000004,9.3000000000000007));
#1664=IFCCARTESIANPOINT((5.4000000000000004,8.8000000000000007));
#1665=IFCPOLYLINE((#1660,#1661,#1662,#1663,#1664));
#1666=IFCARBITRARYCLOSEDPROFILEDEF(.AREA.,$,#1665);
#1667=IFCCARTESIANPOINT((0.,0.,0.));
#1668=IFCDIRECTION((0.,0.,1.));
#1669=IFCDIRECTION((1.,0.,0.));
#1670=IFCAXIS2PLACEMENT3D(#1667,#1668,#1669);
#1671=IFCDIRECTION((0.,0.,1.));
#1672=IFCEXTRUDEDAREASOLID(#1666,#1670,#1671,0.90000000000000002);
#1673=IFCSHAPEREPRESENTATION(#11,'Body','SweptSolid',(#1672));
#1674=IFCPRODUCTDEFINITIONSHAPE($,$,(#1673));
#1675=IFCCARTESIANPOINT((0.,0.,0.));
#1676=IFCDIRECTION((0.,0.,1.));
#1677=IFCDIRECTION((1.,0.,0.));
#1678=IFCAXIS2PLACEMENT3D(#1675,#1676,#1677);
#1679=IFCLOCALPLACEMENT(#100,#1678);
#1680=IFCFURNITURE('3O$K1voCf21Q616rCqOF0w',$,'Office2 Filing Cabinet',$,$,#1703,#1698,$,$);
#1684=IFCCARTESIANPOINT((6.2000000000000002,8.8000000000000007));
#1685=IFCCARTESIANPOINT((6.7000000000000002,8.8000000000000007));
#1686=IFCCARTESIANPOINT((6.7000000000000002,9.2000000000000011));
#1687=IFCCARTESIANPOINT((6.2000000000000002,9.2000000000000011));
#1688=IFCCARTESIANPOINT((6.2000000000000002,8.8000000000000007));
#1689=IFCPOLYLINE((#1684,#1685,#1686,#1687,#1688));
#1690=IFCARBITRARYCLOSEDPROFILEDEF(.AREA.,$,#1689);
#1691=IFCCARTESIANPOINT((0.,0.,0.));
#1692=IFCDIRECTION((0.,0.,1.));
#1693=IFCDIRECTION((1.,0.,0.));
#1694=IFCAXIS2PLACEMENT3D(#1691,#1692,#1693);
#1695=IFCDIRECTION((0.,0.,1.));
#1696=IFCEXTRUDEDAREASOLID(#1690,#1694,#1695,1.2);
#1697=IFCSHAPEREPRESENTATION(#11,'Body','SweptSolid',(#1696));
#1698=IFCPRODUCTDEFINITIONSHAPE($,$,(#1697));
#1699=IFCCARTESIANPOINT((0.,0.,0.));
#1700=IFCDIRECTION((0.,0.,1.));
#1701=IFCDIRECTION((1.,0.,0.));
#1702=IFCAXIS2PLACEMENT3D(#1699,#1700,#1701);
#1703=IFCLOCALPLACEMENT(#100,#1702);
#1704=IFCBUILDINGELEMENTPROXY('39V0famR94PgPlSxpTu6o4',$,'Office2 Shared Printer',$,$,#1727,#1722,$,$);
#1708=IFCCARTESIANPOINT((7.,8.8000000000000007));
#1709=IFCCARTESIANPOINT((7.5,8.8000000000000007));
#1710=IFCCARTESIANPOINT((7.5,9.3000000000000007));
#1711=IFCCARTESIANPOINT((7.,9.3000000000000007));
#1712=IFCCARTESIANPOINT((7.,8.8000000000000007));
#1713=IFCPOLYLINE((#1708,#1709,#1710,#1711,#1712));
#1714=IFCARBITRARYCLOSEDPROFILEDEF(.AREA.,$,#1713);
#1715=IFCCARTESIANPOINT((0.,0.,0.));
#1716=IFCDIRECTION((0.,0.,1.));
#1717=IFCDIRECTION((1.,0.,0.));
#1718=IFCAXIS2PLACEMENT3D(#1715,#1716,#1717);
#1719=IFCDIRECTION((0.,0.,1.));
#1720=IFCEXTRUDEDAREASOLID(#1714,#1718,#1719,0.40000000000000002);
#1721=IFCSHAPEREPRESENTATION(#11,'Body','SweptSolid',(#1720));
#1722=IFCPRODUCTDEFINITIONSHAPE($,$,(#1721));
#1723=IFCCARTESIANPOINT((0.,0.,0.));
#1724=IFCDIRECTION((0.,0.,1.));
#1725=IFCDIRECTION((1.,0.,0.));
#1726=IFCAXIS2PLACEMENT3D(#1723,#1724,#1725);
#1727=IFCLOCALPLACEMENT(#100,#1726);
#1728=IFCBUILDINGELEMENTPROXY('3eWQnWCNnBJuWXPaGPn0cW',$,'Office2 Monitor A',$,$,#1751,#1746,$,$);
#1732=IFCCARTESIANPOINT((5.4000000000000004,7.9000000000000004));
#1733=IFCCARTESIANPOINT((5.9000000000000004,7.9000000000000004));
#1734=IFCCARTESIANPOINT((5.9000000000000004,8.0500000000000007));
#1735=IFCCARTESIANPOINT((5.4000000000000004,8.0500000000000007));
#1736=IFCCARTESIANPOINT((5.4000000000000004,7.9000000000000004));
#1737=IFCPOLYLINE((#1732,#1733,#1734,#1735,#1736));
#1738=IFCARBITRARYCLOSEDPROFILEDEF(.AREA.,$,#1737);
#1739=IFCCARTESIANPOINT((0.,0.,0.75));
#1740=IFCDIRECTION((0.,0.,1.));
#1741=IFCDIRECTION((1.,0.,0.));
#1742=IFCAXIS2PLACEMENT3D(#1739,#1740,#1741);
#1743=IFCDIRECTION((0.,0.,1.));
#1744=IFCEXTRUDEDAREASOLID(#1738,#1742,#1743,0.40000000000000002);
#1745=IFCSHAPEREPRESENTATION(#11,'Body','SweptSolid',(#1744));
#1746=IFCPRODUCTDEFINITIONSHAPE($,$,(#1745));
#1747=IFCCARTESIANPOINT((0.,0.,0.));
#1748=IFCDIRECTION((0.,0.,1.));
#1749=IFCDIRECTION((1.,0.,0.));
#1750=IFCAXIS2PLACEMENT3D(#1747,#1748,#1749);
#1751=IFCLOCALPLACEMENT(#100,#1750);
#1752=IFCBUILDINGELEMENTPROXY('1UFcHm4qzFW9neYTzBGEFC',$,'Office2 Monitor B',$,$,#1775,#1770,$,$);
#1756=IFCCARTESIANPOINT((7.7000000000000002,7.9000000000000004));
#1757=IFCCARTESIANPOINT((8.1999999999999993,7.9000000000000004));
#1758=IFCCARTESIANPOINT((8.1999999999999993,8.0500000000000007));
#1759=IFCCARTESIANPOINT((7.7000000000000002,8.0500000000000007));
#1760=IFCCARTESIANPOINT((7.7000000000000002,7.9000000000000004));
#1761=IFCPOLYLINE((#1756,#1757,#1758,#1759,#1760));
#1762=IFCARBITRARYCLOSEDPROFILEDEF(.AREA.,$,#1761);
#1763=IFCCARTESIANPOINT((0.,0.,0.75));
#1764=IFCDIRECTION((0.,0.,1.));
#1765=IFCDIRECTION((1.,0.,0.));
#1766=IFCAXIS2PLACEMENT3D(#1763,#1764,#1765);
#1767=IFCDIRECTION((0.,0.,1.));
#1768=IFCEXTRUDEDAREASOLID(#1762,#1766,#1767,0.40000000000000002);
#1769=IFCSHAPEREPRESENTATION(#11,'Body','SweptSolid',(#1768));
#1770=IFCPRODUCTDEFINITIONSHAPE($,$,(#1769));
#1771=IFCCARTESIANPOINT((0.,0.,0.));
#1772=IFCDIRECTION((0.,0.,1.));
#1773=IFCDIRECTION((1.,0.,0.));
#1774=IFCAXIS2PLACEMENT3D(#1771,#1772,#1773);
#1775=IFCLOCALPLACEMENT(#100,#1774);
#1776=IFCFURNITURE('0M4c6SmEb2$h8oZ5z0VKoT',$,'Office3 Desk',$,$,#1800,#1794,$,.DESK.);
#1780=IFCCARTESIANPOINT((10.4,7.9000000000000004));
#1781=IFCCARTESIANPOINT((11.800000000000001,7.9000000000000004));
#1782=IFCCARTESIANPOINT((11.800000000000001,8.5999999999999996));
#1783=IFCCARTESIANPOINT((10.4,8.5999999999999996));
#1784=IFCCARTESIANPOINT((10.4,7.9000000000000004));
#1785=IFCPOLYLINE((#1780,#1781,#1782,#1783,#1784));
#1786=IFCARBITRARYCLOSEDPROFILEDEF(.AREA.,$,#1785);
#1787=IFCCARTESIANPOINT((0.,0.,0.));
#1788=IFCDIRECTION((0.,0.,1.));
#1789=IFCDIRECTION((1.,0.,0.));
#1790=IFCAXIS2PLACEMENT3D(#1787,#1788,#1789);
#1791=IFCDIRECTION((0.,0.,1.));
#1792=IFCEXTRUDEDAREASOLID(#1786,#1790,#1791,0.75);
#1793=IFCSHAPEREPRESENTATION(#11,'Body','SweptSolid',(#1792));
#1794=IFCPRODUCTDEFINITIONSHAPE($,$,(#1793));
#1795=IFCRELCONTAINEDINSPATIALSTRUCTURE('1TsET6BPr06PzJ05w27KpV',$,$,$,(#1849,#1801,#1873,#1776,#1825),#106);
#1796=IFCCARTESIANPOINT((0.,0.,0.));
#1797=IFCDIRECTION((0.,0.,1.));
#1798=IFCDIRECTION((1.,0.,0.));
#1799=IFCAXIS2PLACEMENT3D(#1796,#1797,#1798);
#1800=IFCLOCALPLACEMENT(#129,#1799);
#1801=IFCFURNITURE('2V_mairbnBevfxZE_ICPHN',$,'Office3 Chair',$,$,#1824,#1819,$,.CHAIR.);
#1805=IFCCARTESIANPOINT((12.1,7.9000000000000004));
#1806=IFCCARTESIANPOINT((12.6,7.9000000000000004));
#1807=IFCCARTESIANPOINT((12.6,8.4000000000000004));
#1808=IFCCARTESIANPOINT((12.1,8.4000000000000004));
#1809=IFCCARTESIANPOINT((12.1,7.9000000000000004));
#1810=IFCPOLYLINE((#1805,#1806,#1807,#1808,#1809));
#1811=IFCARBITRARYCLOSEDPROFILEDEF(.AREA.,$,#1810);
#1812=IFCCARTESIANPOINT((0.,0.,0.));
#1813=IFCDIRECTION((0.,0.,1.));
#1814=IFCDIRECTION((1.,0.,0.));
#1815=IFCAXIS2PLACEMENT3D(#1812,#1813,#1814);
#1816=IFCDIRECTION((0.,0.,1.));
#1817=IFCEXTRUDEDAREASOLID(#1811,#1815,#1816,0.90000000000000002);
#1818=IFCSHAPEREPRESENTATION(#11,'Body','SweptSolid',(#1817));
#1819=IFCPRODUCTDEFINITIONSHAPE($,$,(#1818));
#1820=IFCCARTESIANPOINT((0.,0.,0.));
#1821=IFCDIRECTION((0.,0.,1.));
#1822=IFCDIRECTION((1.,0.,0.));
#1823=IFCAXIS2PLACEMENT3D(#1820,#1821,#1822);
#1824=IFCLOCALPLACEMENT(#129,#1823);
#1825=IFCFURNITURE('2GYEH7g_bByuXrDVRe$lU5',$,'Office3 Side Table',$,$,#1848,#1843,$,.TABLE.);
#1829=IFCCARTESIANPOINT((12.9,7.9000000000000004));
#1830=IFCCARTESIANPOINT((13.5,7.9000000000000004));
#1831=IFCCARTESIANPOINT((13.5,8.5));
#1832=IFCCARTESIANPOINT((12.9,8.5));
#1833=IFCCARTESIANPOINT((12.9,7.9000000000000004));
#1834=IFCPOLYLINE((#1829,#1830,#1831,#1832,#1833));
#1835=IFCARBITRARYCLOSEDPROFILEDEF(.AREA.,$,#1834);
#1836=IFCCARTESIANPOINT((0.,0.,0.));
#1837=IFCDIRECTION((0.,0.,1.));
#1838=IFCDIRECTION((1.,0.,0.));
#1839=IFCAXIS2PLACEMENT3D(#1836,#1837,#1838);
#1840=IFCDIRECTION((0.,0.,1.));
#1841=IFCEXTRUDEDAREASOLID(#1835,#1839,#1840,0.5);
#1842=IFCSHAPEREPRESENTATION(#11,'Body','SweptSolid',(#1841));
#1843=IFCPRODUCTDEFINITIONSHAPE($,$,(#1842));
#1844=IFCCARTESIANPOINT((0.,0.,0.));
#1845=IFCDIRECTION((0.,0.,1.));
#1846=IFCDIRECTION((1.,0.,0.));
#1847=IFCAXIS2PLACEMENT3D(#1844,#1845,#1846);
#1848=IFCLOCALPLACEMENT(#129,#1847);
#1849=IFCFURNITURE('2vwl5sW55AtvEVbJjsc677',$,'Office3 Bookshelf',$,$,#1872,#1867,$,.SHELF.);
#1853=IFCCARTESIANPOINT((10.4,8.9000000000000004));
#1854=IFCCARTESIANPOINT((11.200000000000001,8.9000000000000004));
#1855=IFCCARTESIANPOINT((11.200000000000001,9.25));
#1856=IFCCARTESIANPOINT((10.4,9.25));
#1857=IFCCARTESIANPOINT((10.4,8.9000000000000004));
#1858=IFCPOLYLINE((#1853,#1854,#1855,#1856,#1857));
#1859=IFCARBITRARYCLOSEDPROFILEDEF(.AREA.,$,#1858);
#1860=IFCCARTESIANPOINT((0.,0.,0.));
#1861=IFCDIRECTION((0.,0.,1.));
#1862=IFCDIRECTION((1.,0.,0.));
#1863=IFCAXIS2PLACEMENT3D(#1860,#1861,#1862);
#1864=IFCDIRECTION((0.,0.,1.));
#1865=IFCEXTRUDEDAREASOLID(#1859,#1863,#1864,1.8);
#1866=IFCSHAPEREPRESENTATION(#11,'Body','SweptSolid',(#1865));
#1867=IFCPRODUCTDEFINITIONSHAPE($,$,(#1866));
#1868=IFCCARTESIANPOINT((0.,0.,0.));
#1869=IFCDIRECTION((0.,0.,1.));
#1870=IFCDIRECTION((1.,0.,0.));
#1871=IFCAXIS2PLACEMENT3D(#1868,#1869,#1870);
#1872=IFCLOCALPLACEMENT(#129,#1871);
#1873=IFCBUILDINGELEMENTPROXY('2pBvzrX612jBckSqGD9DPR',$,'Office3 Monitor',$,$,#1896,#1891,$,$);
#1877=IFCCARTESIANPOINT((10.4,7.9000000000000004));
#1878=IFCCARTESIANPOINT((10.9,7.9000000000000004));
#1879=IFCCARTESIANPOINT((10.9,8.0500000000000007));
#1880=IFCCARTESIANPOINT((10.4,8.0500000000000007));
#1881=IFCCARTESIANPOINT((10.4,7.9000000000000004));
#1882=IFCPOLYLINE((#1877,#1878,#1879,#1880,#1881));
#1883=IFCARBITRARYCLOSEDPROFILEDEF(.AREA.,$,#1882);
#1884=IFCCARTESIANPOINT((0.,0.,0.75));
#1885=IFCDIRECTION((0.,0.,1.));
#1886=IFCDIRECTION((1.,0.,0.));
#1887=IFCAXIS2PLACEMENT3D(#1884,#1885,#1886);
#1888=IFCDIRECTION((0.,0.,1.));
#1889=IFCEXTRUDEDAREASOLID(#1883,#1887,#1888,0.40000000000000002);
#1890=IFCSHAPEREPRESENTATION(#11,'Body','SweptSolid',(#1889));
#1891=IFCPRODUCTDEFINITIONSHAPE($,$,(#1890));
#1892=IFCCARTESIANPOINT((0.,0.,0.));
#1893=IFCDIRECTION((0.,0.,1.));
#1894=IFCDIRECTION((1.,0.,0.));
#1895=IFCAXIS2PLACEMENT3D(#1892,#1893,#1894);
#1896=IFCLOCALPLACEMENT(#129,#1895);
#1897=IFCFURNITURE('2z$fxglmH4qPIwBRNDf9ke',$,'Seminar Conference Table',$,$,#1921,#1915,$,.TABLE.);
#1901=IFCCARTESIANPOINT((14.4,7.9000000000000004));
#1902=IFCCARTESIANPOINT((17.399999999999999,7.9000000000000004));
#1903=IFCCARTESIANPOINT((17.399999999999999,9.0999999999999996));
#1904=IFCCARTESIANPOINT((14.4,9.0999999999999996));
#1905=IFCCARTESIANPOINT((14.4,7.9000000000000004));
#1906=IFCPOLYLINE((#1901,#1902,#1903,#1904,#1905));
#1907=IFCARBITRARYCLOSEDPROFILEDEF(.AREA.,$,#1906);
#1908=IFCCARTESIANPOINT((0.,0.,0.));
#1909=IFCDIRECTION((0.,0.,1.));
#1910=IFCDIRECTION((1.,0.,0.));
#1911=IFCAXIS2PLACEMENT3D(#1908,#1909,#1910);
#1912=IFCDIRECTION((0.,0.,1.));
#1913=IFCEXTRUDEDAREASOLID(#1907,#1911,#1912,0.75);
#1914=IFCSHAPEREPRESENTATION(#11,'Body','SweptSolid',(#1913));
#1915=IFCPRODUCTDEFINITIONSHAPE($,$,(#1914));
#1916=IFCRELCONTAINEDINSPATIALSTRUCTURE('0W$zgYFpb34xkYXCvU8TMX',$,$,$,(#2042,#1994,#1897,#2066,#2018,#2114,#2090,#1922,#1946,#1970),#135);
#1917=IFCCARTESIANPOINT((0.,0.,0.));
#1918=IFCDIRECTION((0.,0.,1.));
#1919=IFCDIRECTION((1.,0.,0.));
#1920=IFCAXIS2PLACEMENT3D(#1917,#1918,#1919);
#1921=IFCLOCALPLACEMENT(#158,#1920);
#1922=IFCFURNITURE('17xIpUYRj5Wf4At4Y_Bx4b',$,'Seminar Chair 1',$,$,#1945,#1940,$,.CHAIR.);
#1926=IFCCARTESIANPOINT((17.699999999999999,7.9000000000000004));
#1927=IFCCARTESIANPOINT((18.149999999999999,7.9000000000000004));
#1928=IFCCARTESIANPOINT((18.149999999999999,8.3499999999999996));
#1929=IFCCARTESIANPOINT((17.699999999999999,8.3499999999999996));
#1930=IFCCARTESIANPOINT((17.699999999999999,7.9000000000000004));
#1931=IFCPOLYLINE((#1926,#1927,#1928,#1929,#1930));
#1932=IFCARBITRARYCLOSEDPROFILEDEF(.AREA.,$,#1931);
#1933=IFCCARTESIANPOINT((0.,0.,0.));
#1934=IFCDIRECTION((0.,0.,1.));
#1935=IFCDIRECTION((1.,0.,0.));
#1936=IFCAXIS2PLACEMENT3D(#1933,#1934,#1935);
#1937=IFCDIRECTION((0.,0.,1.));
#1938=IFCEXTRUDEDAREASOLID(#1932,#1936,#1937,0.90000000000000002);
#1939=IFCSHAPEREPRESENTATION(#11,'Body','SweptSolid',(#1938));
#1940=IFCPRODUCTDEFINITIONSHAPE($,$,(#1939));
#1941=IFCCARTESIANPOINT((0.,0.,0.));
#1942=IFCDIRECTION((0.,0.,1.));
#1943=IFCDIRECTION((1.,0.,0.));
#1944=IFCAXIS2PLACEMENT3D(#1941,#1942,#1943);
#1945=IFCLOCALPLACEMENT(#158,#1944);
#1946=IFCFURNITURE('23pwYjGLvA0QtTo7sl3jWR',$,'Seminar Chair 2',$,$,#1969,#1964,$,.CHAIR.);
#1950=IFCCARTESIANPOINT((18.449999999999999,7.9000000000000004));
#1951=IFCCARTESIANPOINT((18.899999999999999,7.9000000000000004));
#1952=IFCCARTESIANPOINT((18.899999999999999,8.3499999999999996));
#1953=IFCCARTESIANPOINT((18.449999999999999,8.3499999999999996));
#1954=IFCCARTESIANPOINT((18.449999999999999,7.9000000000000004));
#1955=IFCPOLYLINE((#1950,#1951,#1952,#1953,#1954));
#1956=IFCARBITRARYCLOSEDPROFILEDEF(.AREA.,$,#1955);
#1957=IFCCARTESIANPOINT((0.,0.,0.));
#1958=IFCDIRECTION((0.,0.,1.));
#1959=IFCDIRECTION((1.,0.,0.));
#1960=IFCAXIS2PLACEMENT3D(#1957,#1958,#1959);
#1961=IFCDIRECTION((0.,0.,1.));
#1962=IFCEXTRUDEDAREASOLID(#1956,#1960,#1961,0.90000000000000002);
#1963=IFCSHAPEREPRESENTATION(#11,'Body','SweptSolid',(#1962));
#1964=IFCPRODUCTDEFINITIONSHAPE($,$,(#1963));
#1965=IFCCARTESIANPOINT((0.,0.,0.));
#1966=IFCDIRECTION((0.,0.,1.));
#1967=IFCDIRECTION((1.,0.,0.));
#1968=IFCAXIS2PLACEMENT3D(#1965,#1966,#1967);
#1969=IFCLOCALPLACEMENT(#158,#1968);
#1970=IFCFURNITURE('1SnPmNHRP8B93Q5fKqtdyg',$,'Seminar Chair 3',$,$,#1993,#1988,$,.CHAIR.);
#1974=IFCCARTESIANPOINT((19.199999999999999,7.9000000000000004));
#1975=IFCCARTESIANPOINT((19.649999999999999,7.9000000000000004));
#1976=IFCCARTESIANPOINT((19.649999999999999,8.3499999999999996));
#1977=IFCCARTESIANPOINT((19.199999999999999,8.3499999999999996));
#1978=IFCCARTESIANPOINT((19.199999999999999,7.9000000000000004));
#1979=IFCPOLYLINE((#1974,#1975,#1976,#1977,#1978));
#1980=IFCARBITRARYCLOSEDPROFILEDEF(.AREA.,$,#1979);
#1981=IFCCARTESIANPOINT((0.,0.,0.));
#1982=IFCDIRECTION((0.,0.,1.));
#1983=IFCDIRECTION((1.,0.,0.));
#1984=IFCAXIS2PLACEMENT3D(#1981,#1982,#1983);
#1985=IFCDIRECTION((0.,0.,1.));
#1986=IFCEXTRUDEDAREASOLID(#1980,#1984,#1985,0.90000000000000002);
#1987=IFCSHAPEREPRESENTATION(#11,'Body','SweptSolid',(#1986));
#1988=IFCPRODUCTDEFINITIONSHAPE($,$,(#1987));
#1989=IFCCARTESIANPOINT((0.,0.,0.));
#1990=IFCDIRECTION((0.,0.,1.));
#1991=IFCDIRECTION((1.,0.,0.));
#1992=IFCAXIS2PLACEMENT3D(#1989,#1990,#1991);
#1993=IFCLOCALPLACEMENT(#158,#1992);
#1994=IFCFURNITURE('3m3Y_v2Cv4gx7Cac8MdaOm',$,'Seminar Chair 4',$,$,#2017,#2012,$,.CHAIR.);
#1998=IFCCARTESIANPOINT((19.949999999999999,7.9000000000000004));
#1999=IFCCARTESIANPOINT((20.399999999999999,7.9000000000000004));
#2000=IFCCARTESIANPOINT((20.399999999999999,8.3499999999999996));
#2001=IFCCARTESIANPOINT((19.949999999999999,8.3499999999999996));
#2002=IFCCARTESIANPOINT((19.949999999999999,7.9000000000000004));
#2003=IFCPOLYLINE((#1998,#1999,#2000,#2001,#2002));
#2004=IFCARBITRARYCLOSEDPROFILEDEF(.AREA.,$,#2003);
#2005=IFCCARTESIANPOINT((0.,0.,0.));
#2006=IFCDIRECTION((0.,0.,1.));
#2007=IFCDIRECTION((1.,0.,0.));
#2008=IFCAXIS2PLACEMENT3D(#2005,#2006,#2007);
#2009=IFCDIRECTION((0.,0.,1.));
#2010=IFCEXTRUDEDAREASOLID(#2004,#2008,#2009,0.90000000000000002);
#2011=IFCSHAPEREPRESENTATION(#11,'Body','SweptSolid',(#2010));
#2012=IFCPRODUCTDEFINITIONSHAPE($,$,(#2011));
#2013=IFCCARTESIANPOINT((0.,0.,0.));
#2014=IFCDIRECTION((0.,0.,1.));
#2015=IFCDIRECTION((1.,0.,0.));
#2016=IFCAXIS2PLACEMENT3D(#2013,#2014,#2015);
#2017=IFCLOCALPLACEMENT(#158,#2016);
#2018=IFCFURNITURE('3mtQXO2zXDMuEjdsj2Cprj',$,'Seminar Chair 5',$,$,#2041,#2036,$,.CHAIR.);
#2022=IFCCARTESIANPOINT((14.4,9.4000000000000004));
#2023=IFCCARTESIANPOINT((14.85,9.4000000000000004));
#2024=IFCCARTESIANPOINT((14.85,9.8499999999999996));
#2025=IFCCARTESIANPOINT((14.4,9.8499999999999996));
#2026=IFCCARTESIANPOINT((14.4,9.4000000000000004));
#2027=IFCPOLYLINE((#2022,#2023,#2024,#2025,#2026));
#2028=IFCARBITRARYCLOSEDPROFILEDEF(.AREA.,$,#2027);
#2029=IFCCARTESIANPOINT((0.,0.,0.));
#2030=IFCDIRECTION((0.,0.,1.));
#2031=IFCDIRECTION((1.,0.,0.));
#2032=IFCAXIS2PLACEMENT3D(#2029,#2030,#2031);
#2033=IFCDIRECTION((0.,0.,1.));
#2034=IFCEXTRUDEDAREASOLID(#2028,#2032,#2033,0.90000000000000002);
#2035=IFCSHAPEREPRESENTATION(#11,'Body','SweptSolid',(#2034));
#2036=IFCPRODUCTDEFINITIONSHAPE($,$,(#2035));
#2037=IFCCARTESIANPOINT((0.,0.,0.));
#2038=IFCDIRECTION((0.,0.,1.));
#2039=IFCDIRECTION((1.,0.,0.));
#2040=IFCAXIS2PLACEMENT3D(#2037,#2038,#2039);
#2041=IFCLOCALPLACEMENT(#158,#2040);
#2042=IFCFURNITURE('1LwP6XglTD7wc_Y7i9Nl8i',$,'Seminar Chair 6',$,$,#2065,#2060,$,.CHAIR.);
#2046=IFCCARTESIANPOINT((15.15,9.4000000000000004));
#2047=IFCCARTESIANPOINT((15.6,9.4000000000000004));
#2048=IFCCARTESIANPOINT((15.6,9.8499999999999996));
#2049=IFCCARTESIANPOINT((15.15,9.8499999999999996));
#2050=IFCCARTESIANPOINT((15.15,9.4000000000000004));
#2051=IFCPOLYLINE((#2046,#2047,#2048,#2049,#2050));
#2052=IFCARBITRARYCLOSEDPROFILEDEF(.AREA.,$,#2051);
#2053=IFCCARTESIANPOINT((0.,0.,0.));
#2054=IFCDIRECTION((0.,0.,1.));
#2055=IFCDIRECTION((1.,0.,0.));
#2056=IFCAXIS2PLACEMENT3D(#2053,#2054,#2055);
#2057=IFCDIRECTION((0.,0.,1.));
#2058=IFCEXTRUDEDAREASOLID(#2052,#2056,#2057,0.90000000000000002);
#2059=IFCSHAPEREPRESENTATION(#11,'Body','SweptSolid',(#2058));
#2060=IFCPRODUCTDEFINITIONSHAPE($,$,(#2059));
#2061=IFCCARTESIANPOINT((0.,0.,0.));
#2062=IFCDIRECTION((0.,0.,1.));
#2063=IFCDIRECTION((1.,0.,0.));
#2064=IFCAXIS2PLACEMENT3D(#2061,#2062,#2063);
#2065=IFCLOCALPLACEMENT(#158,#2064);
#2066=IFCBUILDINGELEMENTPROXY('0LEW7lz4LC5B15sm4Dkl6B',$,'Seminar Whiteboard',$,$,#2089,#2084,$,$);
#2070=IFCCARTESIANPOINT((15.9,9.4000000000000004));
#2071=IFCCARTESIANPOINT((17.399999999999999,9.4000000000000004));
#2072=IFCCARTESIANPOINT((17.399999999999999,9.4500000000000011));
#2073=IFCCARTESIANPOINT((15.9,9.4500000000000011));
#2074=IFCCARTESIANPOINT((15.9,9.4000000000000004));
#2075=IFCPOLYLINE((#2070,#2071,#2072,#2073,#2074));
#2076=IFCARBITRARYCLOSEDPROFILEDEF(.AREA.,$,#2075);
#2077=IFCCARTESIANPOINT((0.,0.,0.));
#2078=IFCDIRECTION((0.,0.,1.));
#2079=IFCDIRECTION((1.,0.,0.));
#2080=IFCAXIS2PLACEMENT3D(#2077,#2078,#2079);
#2081=IFCDIRECTION((0.,0.,1.));
#2082=IFCEXTRUDEDAREASOLID(#2076,#2080,#2081,1.);
#2083=IFCSHAPEREPRESENTATION(#11,'Body','SweptSolid',(#2082));
#2084=IFCPRODUCTDEFINITIONSHAPE($,$,(#2083));
#2085=IFCCARTESIANPOINT((0.,0.,0.));
#2086=IFCDIRECTION((0.,0.,1.));
#2087=IFCDIRECTION((1.,0.,0.));
#2088=IFCAXIS2PLACEMENT3D(#2085,#2086,#2087);
#2089=IFCLOCALPLACEMENT(#158,#2088);
#2090=IFCBUILDINGELEMENTPROXY('19vak_L$52hfrLjYFGu$KW',$,'Seminar Projection Screen',$,$,#2113,#2108,$,$);
#2094=IFCCARTESIANPOINT((17.699999999999999,9.4000000000000004));
#2095=IFCCARTESIANPOINT((19.699999999999999,9.4000000000000004));
#2096=IFCCARTESIANPOINT((19.699999999999999,9.4500000000000011));
#2097=IFCCARTESIANPOINT((17.699999999999999,9.4500000000000011));
#2098=IFCCARTESIANPOINT((17.699999999999999,9.4000000000000004));
#2099=IFCPOLYLINE((#2094,#2095,#2096,#2097,#2098));
#2100=IFCARBITRARYCLOSEDPROFILEDEF(.AREA.,$,#2099);
#2101=IFCCARTESIANPOINT((0.,0.,0.));
#2102=IFCDIRECTION((0.,0.,1.));
#2103=IFCDIRECTION((1.,0.,0.));
#2104=IFCAXIS2PLACEMENT3D(#2101,#2102,#2103);
#2105=IFCDIRECTION((0.,0.,1.));
#2106=IFCEXTRUDEDAREASOLID(#2100,#2104,#2105,1.2);
#2107=IFCSHAPEREPRESENTATION(#11,'Body','SweptSolid',(#2106));
#2108=IFCPRODUCTDEFINITIONSHAPE($,$,(#2107));
#2109=IFCCARTESIANPOINT((0.,0.,0.));
#2110=IFCDIRECTION((0.,0.,1.));
#2111=IFCDIRECTION((1.,0.,0.));
#2112=IFCAXIS2PLACEMENT3D(#2109,#2110,#2111);
#2113=IFCLOCALPLACEMENT(#158,#2112);
#2114=IFCBUILDINGELEMENTPROXY('1L6Cdlfmr79eEm7ACb4tw6',$,'Seminar Projector',$,$,#2137,#2132,$,$);
#2118=IFCCARTESIANPOINT((20.,9.4000000000000004));
#2119=IFCCARTESIANPOINT((20.399999999999999,9.4000000000000004));
#2120=IFCCARTESIANPOINT((20.399999999999999,9.7000000000000011));
#2121=IFCCARTESIANPOINT((20.,9.7000000000000011));
#2122=IFCCARTESIANPOINT((20.,9.4000000000000004));
#2123=IFCPOLYLINE((#2118,#2119,#2120,#2121,#2122));
#2124=IFCARBITRARYCLOSEDPROFILEDEF(.AREA.,$,#2123);
#2125=IFCCARTESIANPOINT((0.,0.,0.));
#2126=IFCDIRECTION((0.,0.,1.));
#2127=IFCDIRECTION((1.,0.,0.));
#2128=IFCAXIS2PLACEMENT3D(#2125,#2126,#2127);
#2129=IFCDIRECTION((0.,0.,1.));
#2130=IFCEXTRUDEDAREASOLID(#2124,#2128,#2129,0.14999999999999999);
#2131=IFCSHAPEREPRESENTATION(#11,'Body','SweptSolid',(#2130));
#2132=IFCPRODUCTDEFINITIONSHAPE($,$,(#2131));
#2133=IFCCARTESIANPOINT((0.,0.,0.));
#2134=IFCDIRECTION((0.,0.,1.));
#2135=IFCDIRECTION((1.,0.,0.));
#2136=IFCAXIS2PLACEMENT3D(#2133,#2134,#2135);
#2137=IFCLOCALPLACEMENT(#158,#2136);
#2138=IFCFURNITURE('2W8ooKzGv7MQhgPtrW58RF',$,'Reception Desk',$,$,#2162,#2156,$,.DESK.);
#2142=IFCCARTESIANPOINT((0.40000000000000002,0.40000000000000002));
#2143=IFCCARTESIANPOINT((2.,0.40000000000000002));
#2144=IFCCARTESIANPOINT((2.,1.1000000000000001));
#2145=IFCCARTESIANPOINT((0.40000000000000002,1.1000000000000001));
#2146=IFCCARTESIANPOINT((0.40000000000000002,0.40000000000000002));
#2147=IFCPOLYLINE((#2142,#2143,#2144,#2145,#2146));
#2148=IFCARBITRARYCLOSEDPROFILEDEF(.AREA.,$,#2147);
#2149=IFCCARTESIANPOINT((0.,0.,0.));
#2150=IFCDIRECTION((0.,0.,1.));
#2151=IFCDIRECTION((1.,0.,0.));
#2152=IFCAXIS2PLACEMENT3D(#2149,#2150,#2151);
#2153=IFCDIRECTION((0.,0.,1.));
#2154=IFCEXTRUDEDAREASOLID(#2148,#2152,#2153,1.1000000000000001);
#2155=IFCSHAPEREPRESENTATION(#11,'Body','SweptSolid',(#2154));
#2156=IFCPRODUCTDEFINITIONSHAPE($,$,(#2155));
#2157=IFCRELCONTAINEDINSPATIALSTRUCTURE('1M9LYYT99FNx_I9j7mNG6F',$,$,$,(#2235,#2187,#2163,#2259,#2211,#2138),#164);
#2158=IFCCARTESIANPOINT((0.,0.,0.));
#2159=IFCDIRECTION((0.,0.,1.));
#2160=IFCDIRECTION((1.,0.,0.));
#2161=IFCAXIS2PLACEMENT3D(#2158,#2159,#2160);
#2162=IFCLOCALPLACEMENT(#187,#2161);
#2163=IFCFURNITURE('10mWwIt2P1FQp$4I0yAAti',$,'Reception Chair',$,$,#2186,#2181,$,.CHAIR.);
#2167=IFCCARTESIANPOINT((2.3000000000000003,0.40000000000000002));
#2168=IFCCARTESIANPOINT((2.8000000000000003,0.40000000000000002));
#2169=IFCCARTESIANPOINT((2.8000000000000003,0.90000000000000002));
#2170=IFCCARTESIANPOINT((2.3000000000000003,0.90000000000000002));
#2171=IFCCARTESIANPOINT((2.3000000000000003,0.40000000000000002));
#2172=IFCPOLYLINE((#2167,#2168,#2169,#2170,#2171));
#2173=IFCARBITRARYCLOSEDPROFILEDEF(.AREA.,$,#2172);
#2174=IFCCARTESIANPOINT((0.,0.,0.));
#2175=IFCDIRECTION((0.,0.,1.));
#2176=IFCDIRECTION((1.,0.,0.));
#2177=IFCAXIS2PLACEMENT3D(#2174,#2175,#2176);
#2178=IFCDIRECTION((0.,0.,1.));
#2179=IFCEXTRUDEDAREASOLID(#2173,#2177,#2178,0.90000000000000002);
#2180=IFCSHAPEREPRESENTATION(#11,'Body','SweptSolid',(#2179));
#2181=IFCPRODUCTDEFINITIONSHAPE($,$,(#2180));
#2182=IFCCARTESIANPOINT((0.,0.,0.));
#2183=IFCDIRECTION((0.,0.,1.));
#2184=IFCDIRECTION((1.,0.,0.));
#2185=IFCAXIS2PLACEMENT3D(#2182,#2183,#2184);
#2186=IFCLOCALPLACEMENT(#187,#2185);
#2187=IFCFURNITURE('1mWmFWVGPFI9TL9Q8Dag3l',$,'Reception Sofa',$,$,#2210,#2205,$,.SOFA.);
#2191=IFCCARTESIANPOINT((3.1000000000000005,0.40000000000000002));
#2192=IFCCARTESIANPOINT((4.9000000000000004,0.40000000000000002));
#2193=IFCCARTESIANPOINT((4.9000000000000004,1.2000000000000002));
#2194=IFCCARTESIANPOINT((3.1000000000000005,1.2000000000000002));
#2195=IFCCARTESIANPOINT((3.1000000000000005,0.40000000000000002));
#2196=IFCPOLYLINE((#2191,#2192,#2193,#2194,#2195));
#2197=IFCARBITRARYCLOSEDPROFILEDEF(.AREA.,$,#2196);
#2198=IFCCARTESIANPOINT((0.,0.,0.));
#2199=IFCDIRECTION((0.,0.,1.));
#2200=IFCDIRECTION((1.,0.,0.));
#2201=IFCAXIS2PLACEMENT3D(#2198,#2199,#2200);
#2202=IFCDIRECTION((0.,0.,1.));
#2203=IFCEXTRUDEDAREASOLID(#2197,#2201,#2202,0.80000000000000004);
#2204=IFCSHAPEREPRESENTATION(#11,'Body','SweptSolid',(#2203));
#2205=IFCPRODUCTDEFINITIONSHAPE($,$,(#2204));
#2206=IFCCARTESIANPOINT((0.,0.,0.));
#2207=IFCDIRECTION((0.,0.,1.));
#2208=IFCDIRECTION((1.,0.,0.));
#2209=IFCAXIS2PLACEMENT3D(#2206,#2207,#2208);
#2210=IFCLOCALPLACEMENT(#187,#2209);
#2211=IFCFURNITURE('0hYdfqBTjFFOwFNnMhqPKL',$,'Reception Waiting Chair 1',$,$,#2234,#2229,$,.CHAIR.);
#2215=IFCCARTESIANPOINT((0.40000000000000002,1.5));
#2216=IFCCARTESIANPOINT((0.90000000000000002,1.5));
#2217=IFCCARTESIANPOINT((0.90000000000000002,2.));
#2218=IFCCARTESIANPOINT((0.40000000000000002,2.));
#2219=IFCCARTESIANPOINT((0.40000000000000002,1.5));
#2220=IFCPOLYLINE((#2215,#2216,#2217,#2218,#2219));
#2221=IFCARBITRARYCLOSEDPROFILEDEF(.AREA.,$,#2220);
#2222=IFCCARTESIANPOINT((0.,0.,0.));
#2223=IFCDIRECTION((0.,0.,1.));
#2224=IFCDIRECTION((1.,0.,0.));
#2225=IFCAXIS2PLACEMENT3D(#2222,#2223,#2224);
#2226=IFCDIRECTION((0.,0.,1.));
#2227=IFCEXTRUDEDAREASOLID(#2221,#2225,#2226,0.90000000000000002);
#2228=IFCSHAPEREPRESENTATION(#11,'Body','SweptSolid',(#2227));
#2229=IFCPRODUCTDEFINITIONSHAPE($,$,(#2228));
#2230=IFCCARTESIANPOINT((0.,0.,0.));
#2231=IFCDIRECTION((0.,0.,1.));
#2232=IFCDIRECTION((1.,0.,0.));
#2233=IFCAXIS2PLACEMENT3D(#2230,#2231,#2232);
#2234=IFCLOCALPLACEMENT(#187,#2233);
#2235=IFCFURNITURE('0PYzJYYhb9NgJ1qWVgxWsF',$,'Reception Waiting Chair 2',$,$,#2258,#2253,$,.CHAIR.);
#2239=IFCCARTESIANPOINT((1.2000000000000002,1.5));
#2240=IFCCARTESIANPOINT((1.7000000000000002,1.5));
#2241=IFCCARTESIANPOINT((1.7000000000000002,2.));
#2242=IFCCARTESIANPOINT((1.2000000000000002,2.));
#2243=IFCCARTESIANPOINT((1.2000000000000002,1.5));
#2244=IFCPOLYLINE((#2239,#2240,#2241,#2242,#2243));
#2245=IFCARBITRARYCLOSEDPROFILEDEF(.AREA.,$,#2244);
#2246=IFCCARTESIANPOINT((0.,0.,0.));
#2247=IFCDIRECTION((0.,0.,1.));
#2248=IFCDIRECTION((1.,0.,0.));
#2249=IFCAXIS2PLACEMENT3D(#2246,#2247,#2248);
#2250=IFCDIRECTION((0.,0.,1.));
#2251=IFCEXTRUDEDAREASOLID(#2245,#2249,#2250,0.90000000000000002);
#2252=IFCSHAPEREPRESENTATION(#11,'Body','SweptSolid',(#2251));
#2253=IFCPRODUCTDEFINITIONSHAPE($,$,(#2252));
#2254=IFCCARTESIANPOINT((0.,0.,0.));
#2255=IFCDIRECTION((0.,0.,1.));
#2256=IFCDIRECTION((1.,0.,0.));
#2257=IFCAXIS2PLACEMENT3D(#2254,#2255,#2256);
#2258=IFCLOCALPLACEMENT(#187,#2257);
#2259=IFCFURNITURE('1PnKxJ$TDDSAcx79mGU8XI',$,'Reception Coffee Table',$,$,#2282,#2277,$,.TABLE.);
#2263=IFCCARTESIANPOINT((2.,1.5));
#2264=IFCCARTESIANPOINT((2.7999999999999998,1.5));
#2265=IFCCARTESIANPOINT((2.7999999999999998,2.));
#2266=IFCCARTESIANPOINT((2.,2.));
#2267=IFCCARTESIANPOINT((2.,1.5));
#2268=IFCPOLYLINE((#2263,#2264,#2265,#2266,#2267));
#2269=IFCARBITRARYCLOSEDPROFILEDEF(.AREA.,$,#2268);
#2270=IFCCARTESIANPOINT((0.,0.,0.));
#2271=IFCDIRECTION((0.,0.,1.));
#2272=IFCDIRECTION((1.,0.,0.));
#2273=IFCAXIS2PLACEMENT3D(#2270,#2271,#2272);
#2274=IFCDIRECTION((0.,0.,1.));
#2275=IFCEXTRUDEDAREASOLID(#2269,#2273,#2274,0.40000000000000002);
#2276=IFCSHAPEREPRESENTATION(#11,'Body','SweptSolid',(#2275));
#2277=IFCPRODUCTDEFINITIONSHAPE($,$,(#2276));
#2278=IFCCARTESIANPOINT((0.,0.,0.));
#2279=IFCDIRECTION((0.,0.,1.));
#2280=IFCDIRECTION((1.,0.,0.));
#2281=IFCAXIS2PLACEMENT3D(#2278,#2279,#2280);
#2282=IFCLOCALPLACEMENT(#187,#2281);
#2283=IFCBUILDINGELEMENTPROXY('28J6tyBxH3sfJ9_NFll0UJ',$,'Kitchen Sink',$,$,#2307,#2301,$,$);
#2287=IFCCARTESIANPOINT((6.4000000000000004,0.40000000000000002));
#2288=IFCCARTESIANPOINT((7.,0.40000000000000002));
#2289=IFCCARTESIANPOINT((7.,0.90000000000000002));
#2290=IFCCARTESIANPOINT((6.4000000000000004,0.90000000000000002));
#2291=IFCCARTESIANPOINT((6.4000000000000004,0.40000000000000002));
#2292=IFCPOLYLINE((#2287,#2288,#2289,#2290,#2291));
#2293=IFCARBITRARYCLOSEDPROFILEDEF(.AREA.,$,#2292);
#2294=IFCCARTESIANPOINT((0.,0.,0.));
#2295=IFCDIRECTION((0.,0.,1.));
#2296=IFCDIRECTION((1.,0.,0.));
#2297=IFCAXIS2PLACEMENT3D(#2294,#2295,#2296);
#2298=IFCDIRECTION((0.,0.,1.));
#2299=IFCEXTRUDEDAREASOLID(#2293,#2297,#2298,0.90000000000000002);
#2300=IFCSHAPEREPRESENTATION(#11,'Body','SweptSolid',(#2299));
#2301=IFCPRODUCTDEFINITIONSHAPE($,$,(#2300));
#2302=IFCRELCONTAINEDINSPATIALSTRUCTURE('3SNWOVJyX3VxMsOYuT1S8i',$,$,$,(#2476,#2404,#2356,#2500,#2452,#2308,#2428,#2548,#2332,#2380,#2524,#2283),#193);
#2303=IFCCARTESIANPOINT((0.,0.,0.));
#2304=IFCDIRECTION((0.,0.,1.));
#2305=IFCDIRECTION((1.,0.,0.));
#2306=IFCAXIS2PLACEMENT3D(#2303,#2304,#2305);
#2307=IFCLOCALPLACEMENT(#216,#2306);
#2308=IFCBUILDINGELEMENTPROXY('1DVuAHdY96XOJlPdInK3l5',$,'Kitchen Refrigerator',$,$,#2331,#2326,$,$);
#2312=IFCCARTESIANPOINT((7.3000000000000007,0.40000000000000002));
#2313=IFCCARTESIANPOINT((8.,0.40000000000000002));
#2314=IFCCARTESIANPOINT((8.,1.1000000000000001));
#2315=IFCCARTESIANPOINT((7.3000000000000007,1.1000000000000001));
#2316=IFCCARTESIANPOINT((7.3000000000000007,0.40000000000000002));
#2317=IFCPOLYLINE((#2312,#2313,#2314,#2315,#2316));
#2318=IFCARBITRARYCLOSEDPROFILEDEF(.AREA.,$,#2317);
#2319=IFCCARTESIANPOINT((0.,0.,0.));
#2320=IFCDIRECTION((0.,0.,1.));
#2321=IFCDIRECTION((1.,0.,0.));
#2322=IFCAXIS2PLACEMENT3D(#2319,#2320,#2321);
#2323=IFCDIRECTION((0.,0.,1.));
#2324=IFCEXTRUDEDAREASOLID(#2318,#2322,#2323,1.8);
#2325=IFCSHAPEREPRESENTATION(#11,'Body','SweptSolid',(#2324));
#2326=IFCPRODUCTDEFINITIONSHAPE($,$,(#2325));
#2327=IFCCARTESIANPOINT((0.,0.,0.));
#2328=IFCDIRECTION((0.,0.,1.));
#2329=IFCDIRECTION((1.,0.,0.));
#2330=IFCAXIS2PLACEMENT3D(#2327,#2328,#2329);
#2331=IFCLOCALPLACEMENT(#216,#2330);
#2332=IFCBUILDINGELEMENTPROXY('1RLeXgtcj3XOp4KqOVv8cQ',$,'Kitchen Coffee Machine',$,$,#2355,#2350,$,$);
#2336=IFCCARTESIANPOINT((8.3000000000000007,0.40000000000000002));
#2337=IFCCARTESIANPOINT((8.6000000000000014,0.40000000000000002));
#2338=IFCCARTESIANPOINT((8.6000000000000014,0.69999999999999996));
#2339=IFCCARTESIANPOINT((8.3000000000000007,0.69999999999999996));
#2340=IFCCARTESIANPOINT((8.3000000000000007,0.40000000000000002));
#2341=IFCPOLYLINE((#2336,#2337,#2338,#2339,#2340));
#2342=IFCARBITRARYCLOSEDPROFILEDEF(.AREA.,$,#2341);
#2343=IFCCARTESIANPOINT((0.,0.,0.));
#2344=IFCDIRECTION((0.,0.,1.));
#2345=IFCDIRECTION((1.,0.,0.));
#2346=IFCAXIS2PLACEMENT3D(#2343,#2344,#2345);
#2347=IFCDIRECTION((0.,0.,1.));
#2348=IFCEXTRUDEDAREASOLID(#2342,#2346,#2347,0.40000000000000002);
#2349=IFCSHAPEREPRESENTATION(#11,'Body','SweptSolid',(#2348));
#2350=IFCPRODUCTDEFINITIONSHAPE($,$,(#2349));
#2351=IFCCARTESIANPOINT((0.,0.,0.));
#2352=IFCDIRECTION((0.,0.,1.));
#2353=IFCDIRECTION((1.,0.,0.));
#2354=IFCAXIS2PLACEMENT3D(#2351,#2352,#2353);
#2355=IFCLOCALPLACEMENT(#216,#2354);
#2356=IFCBUILDINGELEMENTPROXY('1ancYKPPz0FwDJ7O2AnAvb',$,'Kitchen Microwave',$,$,#2379,#2374,$,$);
#2360=IFCCARTESIANPOINT((8.9000000000000004,0.40000000000000002));
#2361=IFCCARTESIANPOINT((9.4000000000000004,0.40000000000000002));
#2362=IFCCARTESIANPOINT((9.4000000000000004,0.80000000000000004));
#2363=IFCCARTESIANPOINT((8.9000000000000004,0.80000000000000004));
#2364=IFCCARTESIANPOINT((8.9000000000000004,0.40000000000000002));
#2365=IFCPOLYLINE((#2360,#2361,#2362,#2363,#2364));
#2366=IFCARBITRARYCLOSEDPROFILEDEF(.AREA.,$,#2365);
#2367=IFCCARTESIANPOINT((0.,0.,0.));
#2368=IFCDIRECTION((0.,0.,1.));
#2369=IFCDIRECTION((1.,0.,0.));
#2370=IFCAXIS2PLACEMENT3D(#2367,#2368,#2369);
#2371=IFCDIRECTION((0.,0.,1.));
#2372=IFCEXTRUDEDAREASOLID(#2366,#2370,#2371,0.29999999999999999);
#2373=IFCSHAPEREPRESENTATION(#11,'Body','SweptSolid',(#2372));
#2374=IFCPRODUCTDEFINITIONSHAPE($,$,(#2373));
#2375=IFCCARTESIANPOINT((0.,0.,0.));
#2376=IFCDIRECTION((0.,0.,1.));
#2377=IFCDIRECTION((1.,0.,0.));
#2378=IFCAXIS2PLACEMENT3D(#2375,#2376,#2377);
#2379=IFCLOCALPLACEMENT(#216,#2378);
#2380=IFCFURNITURE('0jHYOIOCvCTws346udJytO',$,'Kitchen Countertop',$,$,#2403,#2398,$,.TABLE.);
#2384=IFCCARTESIANPOINT((6.4000000000000004,1.3999999999999999));
#2385=IFCCARTESIANPOINT((8.4000000000000004,1.3999999999999999));
#2386=IFCCARTESIANPOINT((8.4000000000000004,2.));
#2387=IFCCARTESIANPOINT((6.4000000000000004,2.));
#2388=IFCCARTESIANPOINT((6.4000000000000004,1.3999999999999999));
#2389=IFCPOLYLINE((#2384,#2385,#2386,#2387,#2388));
#2390=IFCARBITRARYCLOSEDPROFILEDEF(.AREA.,$,#2389);
#2391=IFCCARTESIANPOINT((0.,0.,0.));
#2392=IFCDIRECTION((0.,0.,1.));
#2393=IFCDIRECTION((1.,0.,0.));
#2394=IFCAXIS2PLACEMENT3D(#2391,#2392,#2393);
#2395=IFCDIRECTION((0.,0.,1.));
#2396=IFCEXTRUDEDAREASOLID(#2390,#2394,#2395,0.90000000000000002);
#2397=IFCSHAPEREPRESENTATION(#11,'Body','SweptSolid',(#2396));
#2398=IFCPRODUCTDEFINITIONSHAPE($,$,(#2397));
#2399=IFCCARTESIANPOINT((0.,0.,0.));
#2400=IFCDIRECTION((0.,0.,1.));
#2401=IFCDIRECTION((1.,0.,0.));
#2402=IFCAXIS2PLACEMENT3D(#2399,#2400,#2401);
#2403=IFCLOCALPLACEMENT(#216,#2402);
#2404=IFCBUILDINGELEMENTPROXY('0XzYt056nA8hzeJ0KK8WlV',$,'Kitchen Water Dispenser',$,$,#2427,#2422,$,$);
#2408=IFCCARTESIANPOINT((8.6999999999999993,1.3999999999999999));
#2409=IFCCARTESIANPOINT((9.0499999999999989,1.3999999999999999));
#2410=IFCCARTESIANPOINT((9.0499999999999989,1.75));
#2411=IFCCARTESIANPOINT((8.6999999999999993,1.75));
#2412=IFCCARTESIANPOINT((8.6999999999999993,1.3999999999999999));
#2413=IFCPOLYLINE((#2408,#2409,#2410,#2411,#2412));
#2414=IFCARBITRARYCLOSEDPROFILEDEF(.AREA.,$,#2413);
#2415=IFCCARTESIANPOINT((0.,0.,0.));
#2416=IFCDIRECTION((0.,0.,1.));
#2417=IFCDIRECTION((1.,0.,0.));
#2418=IFCAXIS2PLACEMENT3D(#2415,#2416,#2417);
#2419=IFCDIRECTION((0.,0.,1.));
#2420=IFCEXTRUDEDAREASOLID(#2414,#2418,#2419,1.1000000000000001);
#2421=IFCSHAPEREPRESENTATION(#11,'Body','SweptSolid',(#2420));
#2422=IFCPRODUCTDEFINITIONSHAPE($,$,(#2421));
#2423=IFCCARTESIANPOINT((0.,0.,0.));
#2424=IFCDIRECTION((0.,0.,1.));
#2425=IFCDIRECTION((1.,0.,0.));
#2426=IFCAXIS2PLACEMENT3D(#2423,#2424,#2425);
#2427=IFCLOCALPLACEMENT(#216,#2426);
#2428=IFCFURNITURE('2w75t2CBLFIfYAz6vzT96e',$,'Kitchen Wall Cabinets',$,$,#2451,#2446,$,.SHELF.);
#2432=IFCCARTESIANPOINT((6.4000000000000004,2.2999999999999998));
#2433=IFCCARTESIANPOINT((7.9000000000000004,2.2999999999999998));
#2434=IFCCARTESIANPOINT((7.9000000000000004,2.6999999999999997));
#2435=IFCCARTESIANPOINT((6.4000000000000004,2.6999999999999997));
#2436=IFCCARTESIANPOINT((6.4000000000000004,2.2999999999999998));
#2437=IFCPOLYLINE((#2432,#2433,#2434,#2435,#2436));
#2438=IFCARBITRARYCLOSEDPROFILEDEF(.AREA.,$,#2437);
#2439=IFCCARTESIANPOINT((0.,0.,0.));
#2440=IFCDIRECTION((0.,0.,1.));
#2441=IFCDIRECTION((1.,0.,0.));
#2442=IFCAXIS2PLACEMENT3D(#2439,#2440,#2441);
#2443=IFCDIRECTION((0.,0.,1.));
#2444=IFCEXTRUDEDAREASOLID(#2438,#2442,#2443,0.69999999999999996);
#2445=IFCSHAPEREPRESENTATION(#11,'Body','SweptSolid',(#2444));
#2446=IFCPRODUCTDEFINITIONSHAPE($,$,(#2445));
#2447=IFCCARTESIANPOINT((0.,0.,0.));
#2448=IFCDIRECTION((0.,0.,1.));
#2449=IFCDIRECTION((1.,0.,0.));
#2450=IFCAXIS2PLACEMENT3D(#2447,#2448,#2449);
#2451=IFCLOCALPLACEMENT(#216,#2450);
#2452=IFCFURNITURE('2OpaztxPn0yQipdn_z92QL',$,'Kitchen Dining Table',$,$,#2475,#2470,$,.TABLE.);
#2456=IFCCARTESIANPOINT((8.2000000000000011,2.2999999999999998));
#2457=IFCCARTESIANPOINT((9.6000000000000014,2.2999999999999998));
#2458=IFCCARTESIANPOINT((9.6000000000000014,3.0999999999999996));
#2459=IFCCARTESIANPOINT((8.2000000000000011,3.0999999999999996));
#2460=IFCCARTESIANPOINT((8.2000000000000011,2.2999999999999998));
#2461=IFCPOLYLINE((#2456,#2457,#2458,#2459,#2460));
#2462=IFCARBITRARYCLOSEDPROFILEDEF(.AREA.,$,#2461);
#2463=IFCCARTESIANPOINT((0.,0.,0.));
#2464=IFCDIRECTION((0.,0.,1.));
#2465=IFCDIRECTION((1.,0.,0.));
#2466=IFCAXIS2PLACEMENT3D(#2463,#2464,#2465);
#2467=IFCDIRECTION((0.,0.,1.));
#2468=IFCEXTRUDEDAREASOLID(#2462,#2466,#2467,0.75);
#2469=IFCSHAPEREPRESENTATION(#11,'Body','SweptSolid',(#2468));
#2470=IFCPRODUCTDEFINITIONSHAPE($,$,(#2469));
#2471=IFCCARTESIANPOINT((0.,0.,0.));
#2472=IFCDIRECTION((0.,0.,1.));
#2473=IFCDIRECTION((1.,0.,0.));
#2474=IFCAXIS2PLACEMENT3D(#2471,#2472,#2473);
#2475=IFCLOCALPLACEMENT(#216,#2474);
#2476=IFCFURNITURE('3bj9V8yTj5uQG6BcT0Y4Qn',$,'Kitchen Dining Chair 1',$,$,#2499,#2494,$,.CHAIR.);
#2480=IFCCARTESIANPOINT((9.9000000000000004,2.2999999999999998));
#2481=IFCCARTESIANPOINT((10.35,2.2999999999999998));
#2482=IFCCARTESIANPOINT((10.35,2.75));
#2483=IFCCARTESIANPOINT((9.9000000000000004,2.75));
#2484=IFCCARTESIANPOINT((9.9000000000000004,2.2999999999999998));
#2485=IFCPOLYLINE((#2480,#2481,#2482,#2483,#2484));
#2486=IFCARBITRARYCLOSEDPROFILEDEF(.AREA.,$,#2485);
#2487=IFCCARTESIANPOINT((0.,0.,0.));
#2488=IFCDIRECTION((0.,0.,1.));
#2489=IFCDIRECTION((1.,0.,0.));
#2490=IFCAXIS2PLACEMENT3D(#2487,#2488,#2489);
#2491=IFCDIRECTION((0.,0.,1.));
#2492=IFCEXTRUDEDAREASOLID(#2486,#2490,#2491,0.90000000000000002);
#2493=IFCSHAPEREPRESENTATION(#11,'Body','SweptSolid',(#2492));
#2494=IFCPRODUCTDEFINITIONSHAPE($,$,(#2493));
#2495=IFCCARTESIANPOINT((0.,0.,0.));
#2496=IFCDIRECTION((0.,0.,1.));
#2497=IFCDIRECTION((1.,0.,0.));
#2498=IFCAXIS2PLACEMENT3D(#2495,#2496,#2497);
#2499=IFCLOCALPLACEMENT(#216,#2498);
#2500=IFCFURNITURE('1hiC3fxRLAPQr13lwzrKzS',$,'Kitchen Dining Chair 2',$,$,#2523,#2518,$,.CHAIR.);
#2504=IFCCARTESIANPOINT((6.4000000000000004,3.3999999999999999));
#2505=IFCCARTESIANPOINT((6.8500000000000005,3.3999999999999999));
#2506=IFCCARTESIANPOINT((6.8500000000000005,3.8500000000000001));
#2507=IFCCARTESIANPOINT((6.4000000000000004,3.8500000000000001));
#2508=IFCCARTESIANPOINT((6.4000000000000004,3.3999999999999999));
#2509=IFCPOLYLINE((#2504,#2505,#2506,#2507,#2508));
#2510=IFCARBITRARYCLOSEDPROFILEDEF(.AREA.,$,#2509);
#2511=IFCCARTESIANPOINT((0.,0.,0.));
#2512=IFCDIRECTION((0.,0.,1.));
#2513=IFCDIRECTION((1.,0.,0.));
#2514=IFCAXIS2PLACEMENT3D(#2511,#2512,#2513);
#2515=IFCDIRECTION((0.,0.,1.));
#2516=IFCEXTRUDEDAREASOLID(#2510,#2514,#2515,0.90000000000000002);
#2517=IFCSHAPEREPRESENTATION(#11,'Body','SweptSolid',(#2516));
#2518=IFCPRODUCTDEFINITIONSHAPE($,$,(#2517));
#2519=IFCCARTESIANPOINT((0.,0.,0.));
#2520=IFCDIRECTION((0.,0.,1.));
#2521=IFCDIRECTION((1.,0.,0.));
#2522=IFCAXIS2PLACEMENT3D(#2519,#2520,#2521);
#2523=IFCLOCALPLACEMENT(#216,#2522);
#2524=IFCFURNITURE('38apqX3wXCquB1UspW2NfE',$,'Kitchen Dining Chair 3',$,$,#2547,#2542,$,.CHAIR.);
#2528=IFCCARTESIANPOINT((7.1500000000000004,3.3999999999999999));
#2529=IFCCARTESIANPOINT((7.6000000000000005,3.3999999999999999));
#2530=IFCCARTESIANPOINT((7.6000000000000005,3.8500000000000001));
#2531=IFCCARTESIANPOINT((7.1500000000000004,3.8500000000000001));
#2532=IFCCARTESIANPOINT((7.1500000000000004,3.3999999999999999));
#2533=IFCPOLYLINE((#2528,#2529,#2530,#2531,#2532));
#2534=IFCARBITRARYCLOSEDPROFILEDEF(.AREA.,$,#2533);
#2535=IFCCARTESIANPOINT((0.,0.,0.));
#2536=IFCDIRECTION((0.,0.,1.));
#2537=IFCDIRECTION((1.,0.,0.));
#2538=IFCAXIS2PLACEMENT3D(#2535,#2536,#2537);
#2539=IFCDIRECTION((0.,0.,1.));
#2540=IFCEXTRUDEDAREASOLID(#2534,#2538,#2539,0.90000000000000002);
#2541=IFCSHAPEREPRESENTATION(#11,'Body','SweptSolid',(#2540));
#2542=IFCPRODUCTDEFINITIONSHAPE($,$,(#2541));
#2543=IFCCARTESIANPOINT((0.,0.,0.));
#2544=IFCDIRECTION((0.,0.,1.));
#2545=IFCDIRECTION((1.,0.,0.));
#2546=IFCAXIS2PLACEMENT3D(#2543,#2544,#2545);
#2547=IFCLOCALPLACEMENT(#216,#2546);
#2548=IFCFURNITURE('2tEhPAryf66Q1O7pMr6LY2',$,'Kitchen Dining Chair 4',$,$,#2571,#2566,$,.CHAIR.);
#2552=IFCCARTESIANPOINT((7.9000000000000004,3.3999999999999999));
#2553=IFCCARTESIANPOINT((8.3499999999999996,3.3999999999999999));
#2554=IFCCARTESIANPOINT((8.3499999999999996,3.8500000000000001));
#2555=IFCCARTESIANPOINT((7.9000000000000004,3.8500000000000001));
#2556=IFCCARTESIANPOINT((7.9000000000000004,3.3999999999999999));
#2557=IFCPOLYLINE((#2552,#2553,#2554,#2555,#2556));
#2558=IFCARBITRARYCLOSEDPROFILEDEF(.AREA.,$,#2557);
#2559=IFCCARTESIANPOINT((0.,0.,0.));
#2560=IFCDIRECTION((0.,0.,1.));
#2561=IFCDIRECTION((1.,0.,0.));
#2562=IFCAXIS2PLACEMENT3D(#2559,#2560,#2561);
#2563=IFCDIRECTION((0.,0.,1.));
#2564=IFCEXTRUDEDAREASOLID(#2558,#2562,#2563,0.90000000000000002);
#2565=IFCSHAPEREPRESENTATION(#11,'Body','SweptSolid',(#2564));
#2566=IFCPRODUCTDEFINITIONSHAPE($,$,(#2565));
#2567=IFCCARTESIANPOINT((0.,0.,0.));
#2568=IFCDIRECTION((0.,0.,1.));
#2569=IFCDIRECTION((1.,0.,0.));
#2570=IFCAXIS2PLACEMENT3D(#2567,#2568,#2569);
#2571=IFCLOCALPLACEMENT(#216,#2570);
#2572=IFCBUILDINGELEMENTPROXY('2cyRqR3dz8GRPSq8nxCwYG',$,'Restroom Toilet Stall 1',$,$,#2596,#2590,$,$);
#2576=IFCCARTESIANPOINT((11.4,0.40000000000000002));
#2577=IFCCARTESIANPOINT((12.300000000000001,0.40000000000000002));
#2578=IFCCARTESIANPOINT((12.300000000000001,1.1000000000000001));
#2579=IFCCARTESIANPOINT((11.4,1.1000000000000001));
#2580=IFCCARTESIANPOINT((11.4,0.40000000000000002));
#2581=IFCPOLYLINE((#2576,#2577,#2578,#2579,#2580));
#2582=IFCARBITRARYCLOSEDPROFILEDEF(.AREA.,$,#2581);
#2583=IFCCARTESIANPOINT((0.,0.,0.));
#2584=IFCDIRECTION((0.,0.,1.));
#2585=IFCDIRECTION((1.,0.,0.));
#2586=IFCAXIS2PLACEMENT3D(#2583,#2584,#2585);
#2587=IFCDIRECTION((0.,0.,1.));
#2588=IFCEXTRUDEDAREASOLID(#2582,#2586,#2587,0.80000000000000004);
#2589=IFCSHAPEREPRESENTATION(#11,'Body','SweptSolid',(#2588));
#2590=IFCPRODUCTDEFINITIONSHAPE($,$,(#2589));
#2591=IFCRELCONTAINEDINSPATIALSTRUCTURE('1SHcSMV2PExfhI32Dmzev3',$,$,$,(#2645,#2621,#2597,#2669,#2572,#2693),#222);
#2592=IFCCARTESIANPOINT((0.,0.,0.));
#2593=IFCDIRECTION((0.,0.,1.));
#2594=IFCDIRECTION((1.,0.,0.));
#2595=IFCAXIS2PLACEMENT3D(#2592,#2593,#2594);
#2596=IFCLOCALPLACEMENT(#245,#2595);
#2597=IFCBUILDINGELEMENTPROXY('2G0pfn9DX1f87ii$KCN8PH',$,'Restroom Toilet Stall 2',$,$,#2620,#2615,$,$);
#2601=IFCCARTESIANPOINT((12.6,0.40000000000000002));
#2602=IFCCARTESIANPOINT((13.5,0.40000000000000002));
#2603=IFCCARTESIANPOINT((13.5,1.1000000000000001));
#2604=IFCCARTESIANPOINT((12.6,1.1000000000000001));
#2605=IFCCARTESIANPOINT((12.6,0.40000000000000002));
#2606=IFCPOLYLINE((#2601,#2602,#2603,#2604,#2605));
#2607=IFCARBITRARYCLOSEDPROFILEDEF(.AREA.,$,#2606);
#2608=IFCCARTESIANPOINT((0.,0.,0.));
#2609=IFCDIRECTION((0.,0.,1.));
#2610=IFCDIRECTION((1.,0.,0.));
#2611=IFCAXIS2PLACEMENT3D(#2608,#2609,#2610);
#2612=IFCDIRECTION((0.,0.,1.));
#2613=IFCEXTRUDEDAREASOLID(#2607,#2611,#2612,0.80000000000000004);
#2614=IFCSHAPEREPRESENTATION(#11,'Body','SweptSolid',(#2613));
#2615=IFCPRODUCTDEFINITIONSHAPE($,$,(#2614));
#2616=IFCCARTESIANPOINT((0.,0.,0.));
#2617=IFCDIRECTION((0.,0.,1.));
#2618=IFCDIRECTION((1.,0.,0.));
#2619=IFCAXIS2PLACEMENT3D(#2616,#2617,#2618);
#2620=IFCLOCALPLACEMENT(#245,#2619);
#2621=IFCBUILDINGELEMENTPROXY('1iw9HreDn8JAa52KLLSxn4',$,'Restroom Sink 1',$,$,#2644,#2639,$,$);
#2625=IFCCARTESIANPOINT((11.4,1.3999999999999999));
#2626=IFCCARTESIANPOINT((11.9,1.3999999999999999));
#2627=IFCCARTESIANPOINT((11.9,1.7999999999999998));
#2628=IFCCARTESIANPOINT((11.4,1.7999999999999998));
#2629=IFCCARTESIANPOINT((11.4,1.3999999999999999));
#2630=IFCPOLYLINE((#2625,#2626,#2627,#2628,#2629));
#2631=IFCARBITRARYCLOSEDPROFILEDEF(.AREA.,$,#2630);
#2632=IFCCARTESIANPOINT((0.,0.,0.));
#2633=IFCDIRECTION((0.,0.,1.));
#2634=IFCDIRECTION((1.,0.,0.));
#2635=IFCAXIS2PLACEMENT3D(#2632,#2633,#2634);
#2636=IFCDIRECTION((0.,0.,1.));
#2637=IFCEXTRUDEDAREASOLID(#2631,#2635,#2636,0.84999999999999998);
#2638=IFCSHAPEREPRESENTATION(#11,'Body','SweptSolid',(#2637));
#2639=IFCPRODUCTDEFINITIONSHAPE($,$,(#2638));
#2640=IFCCARTESIANPOINT((0.,0.,0.));
#2641=IFCDIRECTION((0.,0.,1.));
#2642=IFCDIRECTION((1.,0.,0.));
#2643=IFCAXIS2PLACEMENT3D(#2640,#2641,#2642);
#2644=IFCLOCALPLACEMENT(#245,#2643);
#2645=IFCBUILDINGELEMENTPROXY('1c_wpYSRr5weavzpu1$t3u',$,'Restroom Sink 2',$,$,#2668,#2663,$,$);
#2649=IFCCARTESIANPOINT((12.200000000000001,1.3999999999999999));
#2650=IFCCARTESIANPOINT((12.700000000000001,1.3999999999999999));
#2651=IFCCARTESIANPOINT((12.700000000000001,1.7999999999999998));
#2652=IFCCARTESIANPOINT((12.200000000000001,1.7999999999999998));
#2653=IFCCARTESIANPOINT((12.200000000000001,1.3999999999999999));
#2654=IFCPOLYLINE((#2649,#2650,#2651,#2652,#2653));
#2655=IFCARBITRARYCLOSEDPROFILEDEF(.AREA.,$,#2654);
#2656=IFCCARTESIANPOINT((0.,0.,0.));
#2657=IFCDIRECTION((0.,0.,1.));
#2658=IFCDIRECTION((1.,0.,0.));
#2659=IFCAXIS2PLACEMENT3D(#2656,#2657,#2658);
#2660=IFCDIRECTION((0.,0.,1.));
#2661=IFCEXTRUDEDAREASOLID(#2655,#2659,#2660,0.84999999999999998);
#2662=IFCSHAPEREPRESENTATION(#11,'Body','SweptSolid',(#2661));
#2663=IFCPRODUCTDEFINITIONSHAPE($,$,(#2662));
#2664=IFCCARTESIANPOINT((0.,0.,0.));
#2665=IFCDIRECTION((0.,0.,1.));
#2666=IFCDIRECTION((1.,0.,0.));
#2667=IFCAXIS2PLACEMENT3D(#2664,#2665,#2666);
#2668=IFCLOCALPLACEMENT(#245,#2667);
#2669=IFCBUILDINGELEMENTPROXY('0$TL_WU7j3YQfIxzHImp2D',$,'Restroom Mirror',$,$,#2692,#2687,$,$);
#2673=IFCCARTESIANPOINT((11.4,2.0999999999999996));
#2674=IFCCARTESIANPOINT((12.,2.0999999999999996));
#2675=IFCCARTESIANPOINT((12.,2.1499999999999995));
#2676=IFCCARTESIANPOINT((11.4,2.1499999999999995));
#2677=IFCCARTESIANPOINT((11.4,2.0999999999999996));
#2678=IFCPOLYLINE((#2673,#2674,#2675,#2676,#2677));
#2679=IFCARBITRARYCLOSEDPROFILEDEF(.AREA.,$,#2678);
#2680=IFCCARTESIANPOINT((0.,0.,0.));
#2681=IFCDIRECTION((0.,0.,1.));
#2682=IFCDIRECTION((1.,0.,0.));
#2683=IFCAXIS2PLACEMENT3D(#2680,#2681,#2682);
#2684=IFCDIRECTION((0.,0.,1.));
#2685=IFCEXTRUDEDAREASOLID(#2679,#2683,#2684,0.59999999999999998);
#2686=IFCSHAPEREPRESENTATION(#11,'Body','SweptSolid',(#2685));
#2687=IFCPRODUCTDEFINITIONSHAPE($,$,(#2686));
#2688=IFCCARTESIANPOINT((0.,0.,0.));
#2689=IFCDIRECTION((0.,0.,1.));
#2690=IFCDIRECTION((1.,0.,0.));
#2691=IFCAXIS2PLACEMENT3D(#2688,#2689,#2690);
#2692=IFCLOCALPLACEMENT(#245,#2691);
#2693=IFCBUILDINGELEMENTPROXY('3H0X4h0V990hmKYB18qcj8',$,'Restroom Hand Dryer',$,$,#2716,#2711,$,$);
#2697=IFCCARTESIANPOINT((12.300000000000001,2.0999999999999996));
#2698=IFCCARTESIANPOINT((12.600000000000001,2.0999999999999996));
#2699=IFCCARTESIANPOINT((12.600000000000001,2.2999999999999998));
#2700=IFCCARTESIANPOINT((12.300000000000001,2.2999999999999998));
#2701=IFCCARTESIANPOINT((12.300000000000001,2.0999999999999996));
#2702=IFCPOLYLINE((#2697,#2698,#2699,#2700,#2701));
#2703=IFCARBITRARYCLOSEDPROFILEDEF(.AREA.,$,#2702);
#2704=IFCCARTESIANPOINT((0.,0.,0.));
#2705=IFCDIRECTION((0.,0.,1.));
#2706=IFCDIRECTION((1.,0.,0.));
#2707=IFCAXIS2PLACEMENT3D(#2704,#2705,#2706);
#2708=IFCDIRECTION((0.,0.,1.));
#2709=IFCEXTRUDEDAREASOLID(#2703,#2707,#2708,0.29999999999999999);
#2710=IFCSHAPEREPRESENTATION(#11,'Body','SweptSolid',(#2709));
#2711=IFCPRODUCTDEFINITIONSHAPE($,$,(#2710));
#2712=IFCCARTESIANPOINT((0.,0.,0.));
#2713=IFCDIRECTION((0.,0.,1.));
#2714=IFCDIRECTION((1.,0.,0.));
#2715=IFCAXIS2PLACEMENT3D(#2712,#2713,#2714);
#2716=IFCLOCALPLACEMENT(#245,#2715);
#2717=IFCBUILDINGELEMENTPROXY('0RJiojZNbAkeD_9MqeXfgj',$,'Server Rack',$,$,#2741,#2735,$,$);
#2721=IFCCARTESIANPOINT((14.4,0.40000000000000002));
#2722=IFCCARTESIANPOINT((15.,0.40000000000000002));
#2723=IFCCARTESIANPOINT((15.,1.2000000000000002));
#2724=IFCCARTESIANPOINT((14.4,1.2000000000000002));
#2725=IFCCARTESIANPOINT((14.4,0.40000000000000002));
#2726=IFCPOLYLINE((#2721,#2722,#2723,#2724,#2725));
#2727=IFCARBITRARYCLOSEDPROFILEDEF(.AREA.,$,#2726);
#2728=IFCCARTESIANPOINT((0.,0.,0.));
#2729=IFCDIRECTION((0.,0.,1.));
#2730=IFCDIRECTION((1.,0.,0.));
#2731=IFCAXIS2PLACEMENT3D(#2728,#2729,#2730);
#2732=IFCDIRECTION((0.,0.,1.));
#2733=IFCEXTRUDEDAREASOLID(#2727,#2731,#2732,2.);
#2734=IFCSHAPEREPRESENTATION(#11,'Body','SweptSolid',(#2733));
#2735=IFCPRODUCTDEFINITIONSHAPE($,$,(#2734));
#2736=IFCRELCONTAINEDINSPATIALSTRUCTURE('26NGNDL_D0EBrRyfQDJLy$',$,$,$,(#2790,#2717,#2766,#2742),#251);
#2737=IFCCARTESIANPOINT((0.,0.,0.));
#2738=IFCDIRECTION((0.,0.,1.));
#2739=IFCDIRECTION((1.,0.,0.));
#2740=IFCAXIS2PLACEMENT3D(#2737,#2738,#2739);
#2741=IFCLOCALPLACEMENT(#274,#2740);
#2742=IFCFURNITURE('0aWn9MnSn9kPkycLmagFOv',$,'Storage Shelving Unit 1',$,$,#2765,#2760,$,.SHELF.);
#2746=IFCCARTESIANPOINT((15.300000000000001,0.40000000000000002));
#2747=IFCCARTESIANPOINT((16.300000000000001,0.40000000000000002));
#2748=IFCCARTESIANPOINT((16.300000000000001,0.80000000000000004));
#2749=IFCCARTESIANPOINT((15.300000000000001,0.80000000000000004));
#2750=IFCCARTESIANPOINT((15.300000000000001,0.40000000000000002));
#2751=IFCPOLYLINE((#2746,#2747,#2748,#2749,#2750));
#2752=IFCARBITRARYCLOSEDPROFILEDEF(.AREA.,$,#2751);
#2753=IFCCARTESIANPOINT((0.,0.,0.));
#2754=IFCDIRECTION((0.,0.,1.));
#2755=IFCDIRECTION((1.,0.,0.));
#2756=IFCAXIS2PLACEMENT3D(#2753,#2754,#2755);
#2757=IFCDIRECTION((0.,0.,1.));
#2758=IFCEXTRUDEDAREASOLID(#2752,#2756,#2757,2.);
#2759=IFCSHAPEREPRESENTATION(#11,'Body','SweptSolid',(#2758));
#2760=IFCPRODUCTDEFINITIONSHAPE($,$,(#2759));
#2761=IFCCARTESIANPOINT((0.,0.,0.));
#2762=IFCDIRECTION((0.,0.,1.));
#2763=IFCDIRECTION((1.,0.,0.));
#2764=IFCAXIS2PLACEMENT3D(#2761,#2762,#2763);
#2765=IFCLOCALPLACEMENT(#274,#2764);
#2766=IFCFURNITURE('2Fomq5oW50LwSe2fzJfQwF',$,'Storage Shelving Unit 2',$,$,#2789,#2784,$,.SHELF.);
#2770=IFCCARTESIANPOINT((16.600000000000001,0.40000000000000002));
#2771=IFCCARTESIANPOINT((17.600000000000001,0.40000000000000002));
#2772=IFCCARTESIANPOINT((17.600000000000001,0.80000000000000004));
#2773=IFCCARTESIANPOINT((16.600000000000001,0.80000000000000004));
#2774=IFCCARTESIANPOINT((16.600000000000001,0.40000000000000002));
#2775=IFCPOLYLINE((#2770,#2771,#2772,#2773,#2774));
#2776=IFCARBITRARYCLOSEDPROFILEDEF(.AREA.,$,#2775);
#2777=IFCCARTESIANPOINT((0.,0.,0.));
#2778=IFCDIRECTION((0.,0.,1.));
#2779=IFCDIRECTION((1.,0.,0.));
#2780=IFCAXIS2PLACEMENT3D(#2777,#2778,#2779);
#2781=IFCDIRECTION((0.,0.,1.));
#2782=IFCEXTRUDEDAREASOLID(#2776,#2780,#2781,2.);
#2783=IFCSHAPEREPRESENTATION(#11,'Body','SweptSolid',(#2782));
#2784=IFCPRODUCTDEFINITIONSHAPE($,$,(#2783));
#2785=IFCCARTESIANPOINT((0.,0.,0.));
#2786=IFCDIRECTION((0.,0.,1.));
#2787=IFCDIRECTION((1.,0.,0.));
#2788=IFCAXIS2PLACEMENT3D(#2785,#2786,#2787);
#2789=IFCLOCALPLACEMENT(#274,#2788);
#2790=IFCBUILDINGELEMENTPROXY('0rmtfuJnT0_9BiQaE1Lv2j',$,'Network Switch',$,$,#2813,#2808,$,$);
#2794=IFCCARTESIANPOINT((14.4,0.40000000000000002));
#2795=IFCCARTESIANPOINT((14.800000000000001,0.40000000000000002));
#2796=IFCCARTESIANPOINT((14.800000000000001,0.69999999999999996));
#2797=IFCCARTESIANPOINT((14.4,0.69999999999999996));
#2798=IFCCARTESIANPOINT((14.4,0.40000000000000002));
#2799=IFCPOLYLINE((#2794,#2795,#2796,#2797,#2798));
#2800=IFCARBITRARYCLOSEDPROFILEDEF(.AREA.,$,#2799);
#2801=IFCCARTESIANPOINT((0.,0.,2.));
#2802=IFCDIRECTION((0.,0.,1.));
#2803=IFCDIRECTION((1.,0.,0.));
#2804=IFCAXIS2PLACEMENT3D(#2801,#2802,#2803);
#2805=IFCDIRECTION((0.,0.,1.));
#2806=IFCEXTRUDEDAREASOLID(#2800,#2804,#2805,0.10000000000000001);
#2807=IFCSHAPEREPRESENTATION(#11,'Body','SweptSolid',(#2806));
#2808=IFCPRODUCTDEFINITIONSHAPE($,$,(#2807));
#2809=IFCCARTESIANPOINT((0.,0.,0.));
#2810=IFCDIRECTION((0.,0.,1.));
#2811=IFCDIRECTION((1.,0.,0.));
#2812=IFCAXIS2PLACEMENT3D(#2809,#2810,#2811);
#2813=IFCLOCALPLACEMENT(#274,#2812);
ENDSEC;
END-ISO-10303-21;
